"ბუნება","Language"
"ბუნება შეიძლება მიუთითებდეს ფიზიკური სამყაროს ფენომენებზე და ასევე ზოგადად ცხოვრებაზე.","Georgian"
"ბუნების შესწავლა მეცნიერების დიდი","Georgian"
"მიუხედავად იმისა","Georgian"
"[1] სიტყვა ბუნება ნასესხებია ძველი ფრანგული ბუნებიდან და მომდინარეობს ლათინური სიტყვიდან natura","Georgian"
"[2] ძველ ფილოსოფიაში ნატურა ძირითადად გამოიყენება","Georgian"
"[3][4]
ბუნების კონცეფცია, როგორც მთლიანი, ფიზიკური სამყარო, არის თავდაპირველი ცნების რამდენიმე გაფართოებიდან ერთ-ერთი;[1] იგი დაიწყო პრესოკრატიული ფილოსოფოსების მიერ სიტყვა Ï†ÏÏƒÎ¹Ï‚-ს გარკვეული ძირითადი აპლიკაციებით (თუმცა ეს სიტყვა ჰქონდა დინამიური განზომილება მაშინ, განსაკუთრებით ჰერაკლიტუსისთვის) და მას შემდეგ სტაბილურად იძენს ვალუტას“.
ბოლო რამდენიმე საუკუნის განმავლობაში თანამედროვე მეცნიერული მეთოდის გამოჩენის დროს ბუნება იქცა პასიურ რეალობად, რომელიც ორგანიზებული და მოძრავი იყო ღვთაებრივი კანონებით.
[5][6] ინდუსტრიული რევოლუციით, ბუნება სულ უფრო და უფრო განიხილებოდა, როგორც რეალობის ნაწილი, რომელიც მოკლებული იყო მიზანმიმართული ჩარევისგან: ამიტომ იგი ითვლებოდა წმინდად ზოგიერთი ტრადიციის მიერ (რუსო, ამერიკული ტრანსცენდენტალიზმი) ან უბრალო დეკორაციად ღვთაებრივი განგებულების ან კაცობრიობის ისტორიისთვის. (ჰეგელი, მარქსი).
თუმცა, ბუნების ვიტალისტური ხედვა, უფრო მეტად პრესოკრატიულთან, აღორძინდა ამავე დროს, განსაკუთრებით ჩარლზ დარვინის შემდეგ.
[1] დღევანდელი სიტყვის სხვადასხვა გამოყენების ფარგლებში, „ბუნება“ ხშირად ეხება გეოლოგიასა და ველურ ბუნებას.
ბუნება შეიძლება მიუთითებდეს ცოცხალი მცენარეებისა და ცხოველების ზოგად სფეროზე, ზოგიერთ შემთხვევაში კი უსულო ობიექტებთან დაკავშირებულ პროცესებზე - საგანთა კონკრეტული ტიპების არსებობისა და საკუთარი სურვილის შეცვლაზე, როგორიცაა დედამიწის ამინდი და გეოლოგია. .
ის ხშირად აღიქმება როგორც ბუნებრივ გარემოს"" ან უდაბნოს - ველურ ცხოველებს","Georgian"
"მაგალითად","Georgian"
"ბუნებრივი საგნების ეს უფრო ტრადიციული კონცეფცია","Georgian"
"კონკრეტული კონტექსტიდან გამომდინარე","Georgian"
"[1] დედამიწა ერთადერთი პლანეტაა","Georgian"
"მისი ყველაზე გამორჩეული კლიმატური მახასიათებლებია მისი ორი დიდი პოლარული რეგიონი","Georgian"
"[7] ნალექების რაოდენობა ფართოდ განსხვავდება მდებარეობის მიხედვით","Georgian"
"დედამიწის ზედაპირის 71 პროცენტი დაფარულია მარილიანი წყლის ოკეანეებით.","Georgian"
"დარჩენილი ნაწილი შედგება კონტინენტებისა და კუნძულებისგან","Georgian"
"დედამიწა განვითარდა გეოლოგიური და ბიოლოგიური პროცესების შედეგად","Georgian"
"გარე ზედაპირი დაყოფილია რამდენიმე თანდათანობით გადამფრენ ტექტონიკურ ფირფიტად.","Georgian"
"ინტერიერი რჩება აქტიური","Georgian"
"ეს რკინის ბირთვი შედგება მყარი შიდა და თხევადი გარე ფაზისგან.","Georgian"
"კონვექციური მოძრაობა ბირთვში წარმოქმნის ელექტრულ დენებს დინამოს მოქმედებით და ისინი","Georgian"
"ატმოსფერული პირობები საგრძნობლად შეიცვალა საწყისი პირობებისგან სიცოცხლის ფორმების არსებობით[8]","Georgian"
"კლიმატის ფართო რეგიონალური ცვალებადობის მიუხედავად გრძედისა და სხვა გეოგრაფიული ფაქტორების მიხედვით","Georgian"
"[10][11] გეოლოგია არის მეცნიერება და შესწავლა მყარი და თხევადი მატერიის შესახებ","Georgian"
"გეოლოგიის დარგი მოიცავს დედამიწის მასალების შემადგენლობის","Georgian"
"ეს სფერო არის ძირითადი აკადემიური დისციპლინა და ასევე მნიშვნელოვანია მინერალებისა და ნახშირწყალბადების მოპოვებისთვის","Georgian"
"ტერიტორიის გეოლოგია დროთა განმავლობაში ვითარდება","Georgian"
"კლდის ერთეულები პირველად განლაგებულია ან ზედაპირზე დეპონირებით ან ზემოდან კლდეში შეჭრით.","Georgian"
"დეპონირება შეიძლება მოხდეს მაშინ","Georgian"
"ანთებითი შეღწევა","Georgian"
"ქანების საწყისი თანმიმდევრობის დეპონირების შემდეგ","Georgian"
"დეფორმაცია","Georgian"
"ეს სტრუქტურული რეჟიმები ძირითადად დაკავშირებულია კონვერგენტულ საზღვრებთან","Georgian"
"დედამიწა","Georgian"
"[12] მთვარე ჩამოყალიბდა დაახლოებით 20  მილიონი წლის შემდეგ.","Georgian"
"თავდაპირველად მდნარი","Georgian"
"გაჟონვამ და ვულკანურმა აქტივობამ წარმოქმნა პირველყოფილი ატმოსფერო.","Georgian"
"წყლის ორთქლის კონდენსირებამ","Georgian"
"[13] ითვლება","Georgian"
"[14] კონტინენტები ჩამოყალიბდნენ","Georgian"
"დაახლოებით 750  მილიონი წლის წინ","Georgian"
"მოგვიანებით კონტინენტები კვლავ გაერთიანდნენ და ჩამოაყალიბეს პანნოტია","Georgian"
"[16] ნეოპროტეროზოიკის ეპოქაში","Georgian"
"ამ ჰიპოთეზას უწოდეს ""თოვლის ბურთის დედამიწა"" და ის განსაკუთრებულ ინტერესს იწვევს","Georgian"
"[17] კამბრიული აფეთქების შემდეგ მოხდა ხუთი აშკარად იდენტიფიცირებადი მასობრივი გადაშენება.","Georgian"
"[18] ბოლო მასობრივი გადაშენება მოხდა დაახლოებით 66 მილიონი წლის წინ","Georgian"
"ბოლო 66 მილიონი წლის განმავლობაში ძუძუმწოვრების ცხოვრება დივერსიფიცირებული იყო.","Georgian"
"[19] რამდენიმე მილიონი წლის წინ","Georgian"
"[15] შემდგომში ადამიანთა სიცოცხლის მოსვლამ და სოფლის მეურნეობის განვითარებამ და შემდგომმა ცივილიზაციამ ადამიანებს საშუალება მისცა","Georgian"
"შედარებისთვის","Georgian"
"დღევანდელი ეპოქა კლასიფიცირებულია","Georgian"
"[20][21] ზოგიერთი","Georgian"
"[22] ამჟამინდელი გადაშენების მოვლენის მასშტაბები ჯერ კიდევ მიმდინარეობს ბიოლოგების მიერ გამოკვლეული","Georgian"
"[23][24][25] დედამიწის ატმოსფერო არის მთავარი ფაქტორი ეკოსისტემის შენარჩუნებისთვის.","Georgian"
"გაზების თხელი ფენა","Georgian"
"ჰაერი ძირითადად არის აზოტი","Georgian"
"ატმოსფერული წნევა სტაბილურად იკლებს სიმაღლეზე.","Georgian"
"ოზონის შრე მნიშვნელოვან როლს ასრულებს ულტრაიისფერი (UV) გამოსხივების რაოდენობის შემცირებაში","Georgian"
"ვინაიდან დნმ ადვილად ზიანდება ულტრაიისფერი შუქით","Georgian"
"ატმოსფერო ასევე ინარჩუნებს სითბოს ღამის განმავლობაში","Georgian"
"ხმელეთის ამინდი ხდება თითქმის ექსკლუზიურად ატმოსფეროს ქვედა ნაწილში და ემსახურება როგორც კონვექციურ სისტემას სითბოს გადანაწილებისთვის.","Georgian"
"[26] ოკეანის დინებები კიდევ ერთი მნიშვნელოვანი ფაქტორია კლიმატის განსაზღვრაში","Georgian"
"ეს დინებები ხელს უწყობს ტემპერატურის განსხვავებების შემცირებას ზომიერ ზონებში ზამთარსა და ზაფხულს შორის.","Georgian"
"ასევე","Georgian"
"ამინდი შეიძლება ჰქონდეს როგორც სასარგებლო","Georgian"
"ექსტრემალურმა ამინდმა","Georgian"
"ზედაპირული მცენარეულობა განვითარდა ამინდის სეზონურ ცვალებადობაზე და უეცარმა ცვლილებებმა","Georgian"
"კლიმატი არის ამინდის გრძელვადიანი ტენდენციების საზომი.","Georgian"
"ცნობილია","Georgian"
"ისტორიულ ჩანაწერებზე დაყრდნობით","Georgian"
"რეგიონის კლიმატი დამოკიდებულია უამრავ ფაქტორზე","Georgian"
"ზედაპირის გრძივი ზოლი მსგავსი კლიმატური ატრიბუტებით ქმნის კლიმატურ რეგიონს.","Georgian"
"არსებობს მრავალი ასეთი რეგიონი","Georgian"
"ამინდი ასევე გავლენას ახდენს სეზონებზე","Georgian"
"ამრიგად","Georgian"
"ეს ექსპოზიცია იცვლება","Georgian"
"ნებისმიერ დროს","Georgian"
"ამინდი არის ქაოტური სისტემა","Georgian"
"[27] მთლიანობაში","Georgian"
"[28] წყალი არის ქიმიური ნივთიერება","Georgian"
"[29] ტიპიური გამოყენებისას წყალი ეხება მხოლოდ მის თხევად ფორმას ან მდგომარეობას","Georgian"
"წყალი მოიცავს დედამიწის ზედაპირის 71%-ს.","Georgian"
"[30] დედამიწაზე ის ძირითადად გვხვდება ოკეანეებში და წყლის სხვა დიდ ობიექტებში","Georgian"
"[31] [32] ოკეანეები იკავებენ ზედაპირული წყლის 97%-ს","Georgian"
"გარდა ამისა","Georgian"
"ოკეანე არის მარილიანი წყლის ძირითადი ნაწილი და ჰიდროსფეროს ძირითადი კომპონენტი.","Georgian"
"დედამიწის ზედაპირის დაახლოებით 71% (დაახლოებით 361 მილიონი კვადრატული კილომეტრის ფართობი) დაფარულია ოკეანეებით","Georgian"
"ამ ტერიტორიის ნახევარზე მეტი 3000 მეტრზე (9800 ფუტი) სიღრმეზეა.","Georgian"
"ოკეანის საშუალო მარილიანობა არის დაახლოებით 35 წილი ათასზე (ppt) (3.5%)","Georgian"
"მიუხედავად იმისა","Georgian"
"[33] [34] გლობალური ოკეანის ეს კონცეფცია","Georgian"
"[35] ძირითადი ოკეანეების განყოფილებები ნაწილობრივ განისაზღვრება კონტინენტებით","Georgian"
"ოკეანეების პატარა რეგიონებს უწოდებენ ზღვებს","Georgian"
"ასევე არის მარილიანი ტბები","Georgian"
"მარილის ტბების ორი თვალსაჩინო მაგალითია არალის ზღვა და დიდი მარილის ტბა.","Georgian"
"ტბა (ლათინური სიტყვიდან lacus) არის რელიეფის მახასიათებელი (ან ფიზიკური მახასიათებელი)","Georgian"
"დედამიწაზე წყლის სხეული ითვლება ტბად","Georgian"
"[36] [37] დედამიწის გარდა ერთადერთი სამყარო","Georgian"
"უცნობია","Georgian"
"ბუნებრივი ტბები დედამიწაზე","Georgian"
"სხვა ტბები გვხვდება ენდორეულ აუზებში ან მწიფე მდინარეების გასწვრივ.","Georgian"
"მსოფლიოს ზოგიერთ ნაწილში ბევრი ტბაა ბოლო გამყინვარების ხანიდან დარჩენილი ქაოტური დრენაჟის ნიმუშების გამო.","Georgian"
"ყველა ტბა დროებითია გეოლოგიური დროის მასშტაბით","Georgian"
"აუზი არის წყლის სხეული","Georgian"
"ადამიანის მიერ შექმნილი წყლის ფართო სპექტრი კლასიფიცირდება როგორც აუზები","Georgian"
"ტბები და ტბები დინებისგან განასხვავებენ მიმდინარე სიჩქარით.","Georgian"
"მიუხედავად იმისა","Georgian"
"ეს მახასიათებლები განასხვავებს აუზს წყლის რელიეფის მრავალი სხვა მახასიათებლისგან","Georgian"
"მდინარე არის ბუნებრივი წყლის დინება","Georgian"
"ზოგიერთ შემთხვევაში","Georgian"
"მცირე მდინარეებს ასევე შეიძლება ეწოდოს რამდენიმე სხვა სახელი","Georgian"
"ზოგჯერ ამბობენ","Georgian"
"[39] მდინარე ჰიდროლოგიური ციკლის ნაწილია.","Georgian"
"წყალი მდინარის შიგნით","Georgian"
"ნაკადი არის წყლის დინება","Georgian"
"შეერთებულ შტატებში","Georgian"
"ნაკადები მნიშვნელოვანია","Georgian"
"ნაკადის უშუალო სიახლოვეს ბიოლოგიურ ჰაბიტატს სანაპირო ზონა ეწოდება.","Georgian"
"ჰოლოცენის მიმდინარე გადაშენების სტატუსის გათვალისწინებით","Georgian"
"ნაკადებისა და წყლის გზების შესწავლა ზოგადად მოიცავს ინტერდისციპლინარული საბუნებისმეტყველო მეცნიერებისა და ინჟინერიის მრავალ დარგს","Georgian"
"ეკოსისტემები შედგება სხვადასხვა ბიოტური და აბიოტური კომპონენტებისგან","Georgian"
"[41] სტრუქტურა და შემადგენლობა განისაზღვრება სხვადასხვა გარემო ფაქტორებით","Georgian"
"ამ ფაქტორების ვარიაციები გამოიწვევს ეკოსისტემის დინამიურ მოდიფიკაციას.","Georgian"
"ზოგიერთი უფრო მნიშვნელოვანი კომპონენტია ნიადაგი","Georgian"
"ეკოსისტემის კონცეფციის ცენტრალური ნაწილია იდეა","Georgian"
"ევგენი ოდუმი","Georgian"
": მასალების გაცვლა ცოცხალ და არაცოცხალ ნაწილებს შორის) სისტემის შიგნით არის ეკოსისტემა.","Georgian"
"[42] ეკოსისტემაში","Georgian"
"[43] ადამიანის ეკოსისტემის კონცეფცია ეფუძნება ადამიანის/ბუნების დიქოტომიას და იმ აზრს","Georgian"
"[44] ზომის უფრო მცირე ერთეულს მიკროეკოსისტემა ეწოდება.","Georgian"
"მაგალითად","Georgian"
"მაკროეკოსისტემა შეიძლება მოიცავდეს მთელ ეკორეგიონს თავისი სადრენაჟო აუზით.","Georgian"
"[45] უდაბნო ზოგადად განისაზღვრება","Georgian"
"უდაბნო ტერიტორიები შეიძლება მოიძებნოს ნაკრძალებში","Georgian"
"უდაბნო ტერიტორიები და დაცული პარკები მნიშვნელოვანად ითვლება გარკვეული სახეობების გადარჩენისთვის","Georgian"
"ზოგიერთი ბუნების ავტორი თვლის","Georgian"
"მათ ასევე შეუძლიათ შეინარჩუნონ ისტორიული გენეტიკური თვისებები და უზრუნველყოფენ ველური ფლორისა და ფაუნის ჰაბიტატს","Georgian"
"მიუხედავად იმისა","Georgian"
"[47] სიცოცხლე ასევე შეიძლება ითქვას","Georgian"
"ხმელეთის ორგანიზმებისთვის (მცენარეები","Georgian"
"ამ თვისებების მქონე ერთეული ზოგადად სიცოცხლედ ითვლება.","Georgian"
"თუმცა","Georgian"
"სიცოცხლის ადამიანის მიერ შექმნილ ანალოგებს შესაძლოა სიცოცხლეც მივიჩნიოთ.","Georgian"
"ბიოსფერო არის დედამიწის გარე გარსის ნაწილი - მიწის","Georgian"
"ყველაზე ფართო გეოფიზიოლოგიური თვალსაზრისით","Georgian"
"მთელი დედამიწა შეიცავს 75 მილიარდ ტონაზე მეტს (150 ტრილიონი ფუნტი ან დაახლოებით 6","Georgian"
"[48] ​​დედამიწაზე მთლიანი ბიომასის ცხრა მეათედზე მეტი მცენარეული სიცოცხლეა","Georgian"
"[49] დღეისათვის გამოვლენილია მცენარეთა და ცხოველთა სამყაროს 2 მილიონზე მეტი სახეობა","Georgian"
"[51] [52] [53] სიცოცხლის ცალკეული სახეობების რიცხვი მუდმივად გარკვეულ ნაკადშია","Georgian"
"[54][55] სახეობების საერთო რაოდენობა სწრაფად იკლებს.","Georgian"
"[56][57][58] დედამიწაზე სიცოცხლის წარმოშობა კარგად არ არის გასაგები","Georgian"
"[64] სიცოცხლის ამ ფორმებს გააჩნდათ თვითგანმეორების ძირითადი და მემკვიდრეობითი თვისებები.","Georgian"
"მას შემდეგ","Georgian"
"სახეობები","Georgian"
"თუმცა","Georgian"
"ამჟამინდელი ნამარხი და დნმ-ის მტკიცებულებები გვიჩვენებს","Georgian"
"[64] როდესაც მცენარეთა სიცოცხლის ძირითადმა ფორმებმა განავითარეს ფოტოსინთეზის პროცესი","Georgian"
"[65] შედეგად მიღებული ჟანგბადი დაგროვდა ატმოსფეროში და წარმოქმნა ოზონის შრე.","Georgian"
"უფრო დიდ უჯრედებში პატარა უჯრედების შეერთებამ განაპირობა კიდევ უფრო რთული უჯრედების განვითარება","Georgian"
"[66] კოლონიებში არსებული უჯრედები სულ უფრო სპეციალიზირებული ხდებოდა","Georgian"
"ოზონის შრე შთანთქავს მავნე ულტრაიისფერ გამოსხივებას","Georgian"
"დედამიწაზე სიცოცხლის პირველი ფორმა იყო მიკრობები და ისინი დარჩნენ სიცოცხლის ერთადერთ ფორმად დაახლოებით მილიარდი წლის წინ","Georgian"
"[67] მიკროორგანიზმები არის ერთუჯრედიანი ორგანიზმები","Georgian"
"მათ შორისაა ბაქტერიები","Georgian"
"სიცოცხლის ეს ფორმები გვხვდება დედამიწის თითქმის ყველა ადგილას","Georgian"
"„[68]","Georgian"
"მათი გამრავლება არის როგორც სწრაფი","Georgian"
"მაღალი მუტაციის სიჩქარისა და ჰორიზონტალური გენის გადაცემის უნარის კომბინაცია მათ უაღრესად ადაპტირებულს ხდის და შეუძლია გადარჩეს ახალ გარემოში","Georgian"
"[70] ისინი ქმნიან პლანეტარული ეკოსისტემის არსებით ნაწილს.","Georgian"
"თუმცა","Georgian"
"თავდაპირველად არისტოტელე ყოფდა ყველა ცოცხალ არსებას მცენარეებს შორის","Georgian"
"ლინეუსის სისტემაში ეს სამეფოები Vegetabilia (მოგვიანებით Plantae) და Animalia გახდა.","Georgian"
"მას შემდეგ ცხადი გახდა","Georgian"
"თუმცა","Georgian"
"ბაქტერიული სიცოცხლე ზოგჯერ შედის ფლორაში","Georgian"
"მცენარეთა კლასიფიკაციის მრავალ გზას შორის არის რეგიონალური ფლორის მიხედვით","Georgian"
"მრავალი რეგიონისა და ქვეყნის ხალხი დიდად ამაყობს დამახასიათებელი ფლორის ინდივიდუალური მასივებით","Georgian"
"რეგიონალური ფლორა ჩვეულებრივ იყოფა კატეგორიებად","Georgian"
"„მშობლიური ფლორის“ ზოგიერთი სახეობა","Georgian"
"ეს არის მაგალითი იმისა","Georgian"
"მცენარის კიდევ ერთი კატეგორია ისტორიულად მოჩუქურთმებულია სარეველაზე.","Georgian"
"მიუხედავად იმისა","Georgian"
"ანალოგიურად","Georgian"
"ადამიანის სიცოცხლესთან მათი დამოკიდებულების მიხედვით.","Georgian"
"ცხოველებს","Georgian"
"ცხოველები არიან ევკარიოტები და","Georgian"
"ისინი ჰეტეროტროფულები არიან","Georgian"
"ისინი ასევე გამოირჩევიან მცენარეებისგან","Georgian"
"რამდენიმე გამონაკლისის გარდა - განსაკუთრებით ორ ფილას","Georgian"
"ეს მოიცავს კუნთებს","Georgian"
"ასევე","Georgian"
"ევკარიოტული უჯრედები","Georgian"
"ეს შეიძლება იყოს კალციფიცირებული","Georgian"
"მიუხედავად იმისა","Georgian"
"ადამიანის გავლენის მასშტაბის გამო","Georgian"
"უკიდურეს შემთხვევაშიც კი","Georgian"
"ადამიანთა რასის მიერ ტექნოლოგიების განვითარებამ საშუალება მისცა ბუნებრივი რესურსების უფრო დიდი ექსპლუატაცია და ხელი შეუწყო ბუნებრივი საფრთხის გარკვეული რისკის შემსუბუქებას.","Georgian"
"თუმცა","Georgian"
"არსებობს უაღრესად რთული უკუკავშირი მოწინავე ტექნოლოგიების გამოყენებასა და გარემოში ცვლილებებს შორის","Georgian"
"[73] დედამიწის ბუნებრივ გარემოს ადამიანის მიერ გამოწვეული საფრთხეები მოიცავს დაბინძურებას","Georgian"
"ადამიანებმა წვლილი შეიტანეს მრავალი მცენარისა და ცხოველის გადაშენებაში.","Georgian"
"ადამიანები ბუნებას იყენებენ როგორც დასასვენებლად","Georgian"
"სამრეწველო გამოყენებისთვის ბუნებრივი რესურსების შეძენა რჩება მსოფლიო ეკონომიკური სისტემის მნიშვნელოვან კომპონენტად.","Georgian"
"[74][75] ზოგიერთი აქტივობა","Georgian"
"სოფლის მეურნეობა პირველად ჩვენს წელთაღრიცხვამდე მე-9 ათასწლეულში იქნა მიღებული.","Georgian"
"დაწყებული საკვების წარმოებიდან ენერგიამდე","Georgian"
"მიუხედავად იმისა","Georgian"
"კულტურების ზრდისთვის მიწის დიდი ნაკვეთების გასუფთავებამ გამოიწვია ტყის და ჭაობების ხელმისაწვდომობის მნიშვნელოვანი შემცირება","Georgian"
"[77] ბუნებაში სილამაზე ისტორიულად გავრცელებული თემაა ხელოვნებასა და წიგნებში","Georgian"
"ის","Georgian"
"მიზეზები","Georgian"
"ზოგიერთი ძირითადი მახასიათებლის მიღმა","Georgian"
"[78] ბუნება და ველურობა მნიშვნელოვანი თემა იყო მსოფლიო ისტორიის სხვადასხვა ეპოქაში.","Georgian"
"ლანდშაფტის ხელოვნების ადრეული ტრადიცია დაიწყო ჩინეთში ტანგის დინასტიის დროს (618-907).","Georgian"
"ბუნების ისე წარმოჩენის ტრადიცია გახდა ჩინური მხატვრობის ერთ-ერთი მიზანი და მნიშვნელოვანი გავლენა იქონია აზიურ ხელოვნებაში.","Georgian"
"მიუხედავად იმისა","Georgian"
"ბრიტანელმა მხატვრებმა ჯონ კონსტებლმა და ჯ.მ.ვ. ტერნერმა ყურადღება მიაქციეს ბუნებრივი სამყაროს სილამაზის აღბეჭდვას თავიანთ ნახატებში.","Georgian"
"მანამდე ნახატები","Georgian"
"უილიამ უორდსვორტის პოეზიაში აღწერილია ბუნების სამყაროს საოცრება","Georgian"
"სულ უფრო და უფრო მეტად ბუნების შეფასება ხდება დასავლური კულტურის ასპექტი.","Georgian"
"[79] ეს მხატვრული მოძრაობა ასევე დაემთხვა ტრანსცენდენტალისტურ მოძრაობას დასავლურ სამყაროში.","Georgian"
"მშვენიერი ხელოვნების საერთო კლასიკური იდეა გულისხმობს სიტყვა მიმესისს","Georgian"
"ასევე ბუნებაში სილამაზის შესახებ იდეების სფეროში არის ის","Georgian"
"როგორც დევიდ როტენბურგი წერს","Georgian"
"[80]:281 მეცნიერების ზოგიერთი სფერო ბუნებას აღიქვამს","Georgian"
"ამ მიზეზით","Georgian"
"მატერია ჩვეულებრივ განისაზღვრება","Georgian"
"იგი წარმოადგენს დაკვირვებად სამყაროს.","Georgian"
"სამყაროს ხილული კომპონენტები ამჟამად მთლიანი მასის მხოლოდ 4","Georgian"
"ითვლება","Georgian"
"[81] ამ კომპონენტების ზუსტი განლაგება ჯერ კიდევ უცნობია და მიმდინარეობს ინტენსიური გამოკვლევის ქვეშ ფიზიკოსების მიერ.","Georgian"
"მატერიისა და ენერგიის ქცევა მთელ დაკვირვებად სამყაროში","Georgian"
"ეს კანონები გამოიყენეს კოსმოლოგიური მოდელების შესაქმნელად","Georgian"
"ფიზიკის კანონების მათემატიკური გამონათქვამები იყენებს ოცი ფიზიკური მუდმივების ერთობლიობას[82]","Georgian"
"[83] ამ მუდმივების მნიშვნელობები საგულდაგულოდ იქნა გაზომილი","Georgian"
"გარე სივრცე","Georgian"
"გარე სივრცე გამოიყენება მისი საჰაერო სივრცისგან (და ხმელეთის მდებარეობებისგან) გასარჩევად.","Georgian"
"არ არსებობს დისკრეტული საზღვარი დედამიწის ატმოსფეროსა და სივრცეს შორის","Georgian"
"მზის სისტემის გარე სივრცეს ეწოდება პლანეტათაშორისი სივრცე","Georgian"
"გარე სივრცე იშვიათად ივსება მიკროტალღური სპექტროსკოპიით აღმოჩენილი ორგანული მოლეკულების რამდენიმე ათეული სახეობით","Georgian"
"ასევე არის გაზი","Georgian"
"გარდა ამისა","Georgian"
"ამ ნარჩენების ნაწილი პერიოდულად ხელახლა ხვდება ატმოსფეროში.","Georgian"
"მიუხედავად იმისა","Georgian"
"[84] მარსის ისტორიის ხანმოკლე პერიოდის განმავლობაში","Georgian"
"თუმცა ამჟამად მარსზე დარჩენილი წყლის უმეტესი ნაწილი გაყინულია.","Georgian"
"თუ სიცოცხლე საერთოდ არსებობს მარსზე","Georgian"
"[85] სხვა ხმელეთის პლანეტებზე","Georgian"
"მაგრამ ვარაუდობენ","Georgian"
"[86] ასტრონომებმა დაიწყეს დედამიწის ექსტრამზის ანალოგების აღმოჩენა - პლანეტები","Georgian"
"[87] მედია: ორგანიზაციები: ფილოსოფია: Wikipedia (/ËŒwÉªkÉªËˆpiËdiÉ™/ (მოსმენა) wik-ih-PEE-dee-É™ ან /ËŒwÉªki-/ (მოსმენა) wik-ee-) არის მრავალენოვანი ღია კოლაბორატივი ონლაინ. ენციკლოპედია შექმნილი და დაცულია მოხალისე რედაქტორების საზოგადოების მიერ ვიკიზე დაფუძნებული რედაქტირების სისტემის გამოყენებით.","Georgian"
"ის არის 15 ყველაზე პოპულარულ ვებსაიტს შორის","Georgian"
"[4] რეკლამის გარეშე","Georgian"
"ვიკიპედია შეიქმნა 2001 წლის 15 იანვარს ჯიმი უელსისა და ლარი სენგერის მიერ.","Georgian"
"სანჯერმა დაარქვა თავისი სახელი[5][6]","Georgian"
"თავდაპირველად ეს იყო ინგლისურენოვანი ენციკლოპედია","Georgian"
"მთლიანობაში","Georgian"
"[8][9] ვიკიპედია გააკრიტიკეს მისი არათანაბარი სიზუსტისა და სისტემური მიკერძოების გამოვლენისთვის","Georgian"
"[4] ჩატარდა Edit-a-thons ქალი რედაქტორების წახალისებისა და ქალთა თემების გაშუქების გაზრდის მიზნით.","Georgian"
"[10] 2006 წელს ჟურნალმა Time-მა განაცხადა","Georgian"
"[11] პროექტის რეპუტაცია კიდევ უფრო გაუმჯობესდა 2010-იან წლებში","Georgian"
"[4] 2018 წელს Facebook-მა და YouTube-მა გამოაცხადეს","Georgian"
"[12] ვიკიპედიამდე სცადეს სხვა ერთობლივი ონლაინ ენციკლოპედიები","Georgian"
"[13] ვიკიპედია დაიწყო","Georgian"
"[14] იგი დაარსდა 2000 წლის 9 მარტს","Georgian"
"მისი მთავარი ფიგურები იყვნენ Bomis-ის აღმასრულებელი დირექტორი ჯიმი უელსი და ლარი სენგერი","Georgian"
"[15][16] ნუპედია თავდაპირველად ლიცენზირებული იყო საკუთარი Nupedia ღია კონტენტის ლიცენზიით","Georgian"
"[17] უელსს მიენიჭა საჯარო რედაქტირებადი ენციკლოპედიის შექმნის მიზნის განსაზღვრა","Georgian"
"[20] 2001 წლის 10 იანვარს სენგერმა შესთავაზა Nupedia-ს დაგზავნის სიაში შექმნათ ვიკი","Georgian"
"[21] დომენები wikipedia.com და wikipedia.org დარეგისტრირდა 2001 წლის 12 იანვარს","Georgian"
"[18] ვიკიპედიის პოლიტიკა „ნეიტრალური თვალსაზრისის“[25] კოდიფიცირებული იყო მის პირველ თვეებში.","Georgian"
"წინააღმდეგ შემთხვევაში","Georgian"
"[18] თავდაპირველად ბომისი აპირებდა ვიკიპედიას მოგების ბიზნესად აქციოს.","Georgian"
"[26] ვიკიპედიამ მოიპოვა ადრეული კონტრიბუტორები Nupedia-დან","Georgian"
"ასევე შეიქმნა ენობრივი გამოცემები","Georgian"
"[27] ნუპედია და ვიკიპედია თანაარსებობდნენ მანამ","Georgian"
"ინგლისურმა ვიკიპედიამ გადალახა ორი მილიონი სტატიის ნიშანი 2007 წლის 9 სექტემბერს","Georgian"
"[28] კომერციული რეკლამის შიშისა და ვიკიპედიაში კონტროლის არარსებობის მოტივით","Georgian"
"[29] შემდეგ უელსმა გამოაცხადა","Georgian"
"[30][31] მიუხედავად იმისა","Georgian"
"[32] 2006 წელს ენციკლოპედიას ყოველდღიურად ემატებოდა დაახლოებით 1800 სტატია","Georgian"
"[33] პალო ალტოს კვლევითი ცენტრის ჯგუფმა ზრდის ამ შენელებას მიაწერა პროექტის ექსკლუზიურობისა და ცვლილებებისადმი წინააღმდეგობის გაზრდის გამო.","Georgian"
"[34] სხვები ვარაუდობენ","Georgian"
"[35][36][37] 2009 წლის ნოემბერში","Georgian"
"[38][39] Wall Street Journal-მა ამ ტენდენციის მიზეზებს შორის მოიხსენია წესების მთელი რიგი","Georgian"
"[40] უელსმა 2009 წელს უარყო ეს პრეტენზიები","Georgian"
"[41] ორი წლის შემდეგ","Georgian"
"იმავე ინტერვიუში უელსმა ასევე განაცხადა","Georgian"
"[42] 2013 წლის სტატია სახელწოდებით ""ვიკიპედიის დაცემა"" MIT Technology Review-ში ეჭვქვეშ აყენებს ამ განცხადებას.","Georgian"
"სტატიამ გამოავლინა","Georgian"
"[43] 2012 წლის ივლისში The Atlantic-მა განაცხადა","Georgian"
"[44] 2013 წლის 25 ნოემბრის ჟურნალის ნიუ-იორკის ნომერში","Georgian"
"[45] 2007 წლის იანვარში","Georgian"
"ეს მნიშვნელოვანი ზრდა იყო 2006 წლის იანვართან შედარებით","Georgian"
"[46] 2020 წლის მარტის მდგომარეობით [განახლება]","Georgian"
"2014 წელს ის ყოველთვიურად რვა მილიარდი გვერდის ნახვას იღებდა.","Georgian"
"[47] 2014 წლის 9 თებერვალს The New York Times-მა განაცხადა","Georgian"
"[8] ლავლენდი და რეიგლი ამტკიცებენ","Georgian"
"[48][49] 2012 წლის 18 იანვარს ინგლისურმა ვიკიპედიამ მონაწილეობა მიიღო კოორდინირებულ პროტესტში შეერთებული შტატების კონგრესის ორი შემოთავაზებული კანონის წინააღმდეგ - Stop Online Piracy Act (SOPA) და ProTECT IP Act (PIPA)"". €” მისი გვერდების 24 საათის განმავლობაში გაშავებით.","Georgian"
"[50] 162 მილიონზე მეტმა ადამიანმა ნახა ბნელი ახსნის გვერდი","Georgian"
"[51][52] 2014 წლის 20 იანვარს","Georgian"
"2012 წლის დეკემბრიდან 2013 წლის დეკემბრამდე დაახლოებით ორი მილიარდი შემცირდა.","Georgian"
"მისი ყველაზე პოპულარული ვერსიები ლიდერობენ სლაიდს: ინგლისური ვიკიპედიის გვერდების ნახვები შემცირდა თორმეტი პროცენტით","Georgian"
"[53] ვარმამ დაამატა, რომ მიუხედავად იმისა","Georgian"
"[53] როდესაც დაუკავშირდნენ ამ საკითხს","Georgian"
"[53] 2016 წლის დეკემბრის ბოლოს","Georgian"
"[54] 2013 წლის იანვარში 274301 ვიკიპედია","Georgian"
"2019 წლის აპრილში","Georgian"
"[55][56] 2019 წლის ივნისში მეცნიერებმა განაცხადეს","Georgian"
"[57] ტრადიციული ენციკლოპედიებისგან განსხვავებით","Georgian"
"[60] ის თითქმის მთლიანად ღიად დაიწყო – ნებისმიერს შეეძლო სტატიების შექმნა და ვიკიპედიის ნებისმიერი სტატიის რედაქტირება ნებისმიერ მკითხველს შეეძლო","Georgian"
"ყველა სტატიის ცვლილებები დაუყოვნებლივ გამოქვეყნდება.","Georgian"
"შედეგად","Georgian"
"ვიკიპედიის მზარდი პოპულარობის გამო","Georgian"
"მაგალითად","Georgian"
"[61] ინგლისურ ვიკიპედიაში","Georgian"
"[62][63] ხშირად ვანდალირებული სტატია შეიძლება იყოს ნახევრად დაცული ან გაფართოებული დადასტურებული დაცული","Georgian"
"[64] განსაკუთრებით საკამათო სტატია შეიძლება დაიბლოკოს ისე","Georgian"
"[65] 2021 წლის სტატიაში Columbia Journalism Review-ში ვიკიპედიის გვერდების დაცვის პოლიტიკა იყო განსაზღვრული","Georgian"
"[66] ზოგიერთ შემთხვევაში","Georgian"
"მაგალითად","Georgian"
"გაჭიანურებული გამოცდებისა და საზოგადოების დისკუსიის შემდეგ","Georgian"
"[68] ამ სისტემის თანახმად","Georgian"
"[69] მიუხედავად იმისა","Georgian"
"თითოეული სტატიის ""ისტორიის"" გვერდი მიბმულია თითოეულ რედაქციასთან.","Georgian"
"[შენიშვნა 4][70] სტატიების უმეტესობაში ნებისმიერს შეუძლია გააუქმოს სხვების ცვლილებები სტატიის ისტორიის გვერდზე ბმულზე დაწკაპუნებით.","Georgian"
"ნებისმიერს შეუძლია სტატიების უახლესი ცვლილებების ნახვა და ნებისმიერს შეუძლია შეინახოს მათთვის საინტერესო სტატიების „საყურადღებო სია“","Georgian"
"„ახალი გვერდების პატრული“ არის პროცესი","Georgian"
"[71] 2003 წელს ეკონომიკის დოქტორი. სტუდენტი ანდრეა ციფოლილი ამტკიცებდა","Georgian"
"[72] ნებისმიერი ცვლილება ან რედაქტირება","Georgian"
"ვანდალიზმის ყველაზე გავრცელებული და აშკარა ტიპები მოიცავს უხამსობისა და უხეში იუმორის დამატებას.","Georgian"
"ვანდალიზმი ასევე შეიძლება მოიცავდეს რეკლამას და სხვა სახის სპამს.","Georgian"
"[73] ზოგჯერ რედაქტორები სჩადიან ვანდალიზმს კონტენტის წაშლის ან მოცემული გვერდის მთლიანად დაცლის გზით.","Georgian"
"ვანდალიზმის ნაკლებად გავრცელებული ტიპები","Georgian"
"ვანდალებს შეუძლიათ დანერგონ შეუსაბამო ფორმატირება","Georgian"
"[75][76] თუმცა","Georgian"
"[77] სეიგენთალერის ბიოგრაფიის ინციდენტში ანონიმურმა რედაქტორმა 2005 წლის მაისში ამერიკელი პოლიტიკური მოღვაწის ჯონ სეიგენტალერის ბიოგრაფიაში ცრუ ინფორმაცია შეიტანა.","Georgian"
"სეიგენტალერი ცრუ წარდგენილ იქნა ჯონ ფ.-ს მკვლელობაში ეჭვმიტანილად.","Georgian"
"კენედი.","Georgian"
"[77] სტატია გაუსწორებელი დარჩა ოთხი თვის განმავლობაში.","Georgian"
"[77] Seigenthaler","Georgian"
"უელსმა უპასუხა","Georgian"
"[78][79] ინციდენტის შემდეგ","Georgian"
"[77] ამ ინციდენტმა გამოიწვია ვიკიპედიაში პოლიტიკის ცვლილებები","Georgian"
"[80] 2010 წელს დენიელ ტოშმა მოუწოდა თავისი შოუს Tosh.0 მაყურებელს ეწვიონ შოუს ვიკიპედიის სტატიას და დაარედაქტირონ ის სურვილისამებრ.","Georgian"
"მოგვიანებით ეპიზოდში მან კომენტარი გააკეთა სტატიის რედაქტირებზე","Georgian"
"[81][82] ვიკიპედიელებს ხშირად აქვთ დავა შინაარსთან დაკავშირებით","Georgian"
"[83][84] პროცესი ფართოდ განიხილება","Georgian"
"[85] ეს პრაქტიკა ასევე კრიტიკულია","Georgian"
"სპეციალური ინტერესების ჯგუფები ჩაერთნენ რედაქტირების ომებში საკუთარი პოლიტიკური ინტერესების წინსვლისთვის.","Georgian"
"ვიკიპედიის კონტენტი ექვემდებარება შეერთებული შტატების კანონებს (კერძოდ","Georgian"
"იურიდიული საკითხების გარდა","Georgian"
"ეს წესებიც კი ინახება ვიკის სახით და ვიკიპედიის რედაქტორები წერენ და ათვალიერებენ ვებსაიტის პოლიტიკასა და მითითებებს.","Georgian"
"[89] რედაქტორებს შეუძლიათ აღასრულონ ეს წესები შეუსაბამო მასალის წაშლით ან შეცვლით.","Georgian"
"თავდაპირველად","Georgian"
"მას შემდეგ ისინი გარკვეულწილად განსხვავდებიან.","Georgian"
"[67] ინგლისური ვიკიპედიის წესების მიხედვით","Georgian"
"[90] თემა ასევე უნდა აკმაყოფილებდეს ვიკიპედიის სტანდარტებს „აღსანიშნავად“","Georgian"
"გარდა ამისა","Georgian"
"[92] მან არ უნდა წარმოადგინოს ორიგინალური კვლევა.","Georgian"
"პრეტენზია","Georgian"
"ვიკიპედიის რედაქტორებს შორის","Georgian"
"[93] ამან შეიძლება ზოგჯერ გამოიწვიოს ინფორმაციის წაშლა","Georgian"
"[94] და ბოლოს","Georgian"
"[95] ყველა მოსაზრება და შეხედულება","Georgian"
"ეს ცნობილია როგორც ნეიტრალური თვალსაზრისი (NPOV).","Georgian"
"ვიკიპედიის თავდაპირველი ანარქია დროთა განმავლობაში აერთიანებდა დემოკრატიულ და იერარქიულ ელემენტებს.","Georgian"
"[96][97] სტატია არ ითვლება მისი შემქმნელის ან სხვა რედაქტორის საკუთრებად და არც სტატიის საგნის საკუთრებად.","Georgian"
"[98] რედაქტორებს","Georgian"
"სახელის მიუხედავად","Georgian"
"[101][102] ნაკლები რედაქტორი ხდება ადმინისტრატორი","Georgian"
"[103] ბიუროკრატები ასახელებენ ახალ ადმინისტრატორებს მხოლოდ საზოგადოების რეკომენდაციების საფუძველზე.","Georgian"
"დროთა განმავლობაში ვიკიპედიამ შეიმუშავა დავების გადაწყვეტის ნახევრად ფორმალური პროცესი","Georgian"
"საზოგადოების კონსენსუსის დასადგენად","Georgian"
"საარბიტრაჟო კომიტეტი ხელმძღვანელობს დავების საბოლოო გადაწყვეტის პროცესს.","Georgian"
"მიუხედავად იმისა","Georgian"
"სტატისტიკური ანალიზი ვარაუდობს","Georgian"
"ამიტომ","Georgian"
"მისი საშუალებები მოიცავს გაფრთხილებას და გამოსაცდელს (გამოიყენება შემთხვევების 63%-ში) და რედაქტორებისთვის სტატიების (43%)","Georgian"
"ვიკიპედიის სრული აკრძალვა","Georgian"
"როდესაც ქცევა არ არის საკუთარი თავის განსახიერება ან ანტისოციალური","Georgian"
"[105] ვიკიპედიის თითოეულ სტატიას და თითოეულ მომხმარებელს აქვს ასოცირებული ""საუბრის"" გვერდი.","Georgian"
"ისინი ქმნიან მთავარ საკომუნიკაციო არხს რედაქტორებისთვის განხილვის","Georgian"
"[106] ვიკიპედიის საზოგადოება აღწერილია","Georgian"
"[108] პროექტის უპირატესობა შეკრულობაზე","Georgian"
"[109] ვიკიპედიელები ზოგჯერ აჯილდოვებენ ერთმანეთს ვირტუალურ ვარსკვლავებს კარგი მუშაობისთვის.","Georgian"
"მადლიერების ეს პერსონალიზებული ნიშნები ავლენს ღირებული ნამუშევრების ფართო სპექტრს","Georgian"
"[110] ვიკიპედია არ მოითხოვს","Georgian"
"[111] ვიკიპედიის ზრდასთან ერთად","Georgian"
"გახდა ერთ-ერთი ყველაზე ხშირად დასმული კითხვა პროექტზე.","Georgian"
"[112] ჯიმი უელსი ერთხელ ამტკიცებდა","Georgian"
"[113] 2008 წელს","Georgian"
"[114] წვლილის შეფასების ეს მეთოდი მოგვიანებით დაუპირისპირდა აარონ სვარცს","Georgian"
"[115] ინგლისურ ვიკიპედიას აქვს 6","Georgian"
"რედაქტორი ითვლება აქტიურად","Georgian"
"რედაქტორებმა","Georgian"
"ვიკიპედიის ინსაიდერად გახდომა მოითხოვს არა ტრივიალურ ხარჯებს: მოსალოდნელია","Georgian"
"[116] რედაქტორები","Georgian"
"2007 წელს დარტმუთის კოლეჯის მკვლევარების მიერ ჩატარებულმა კვლევამ აჩვენა","Georgian"
"[118] ჯიმი უელსმა 2009 წელს განაცხადა","Georgian"
"[113] თუმცა","Georgian"
"[113] 2008 წელს ჩატარებულმა კვლევამ აჩვენა","Georgian"
"[121] 2009 წლის კვლევის მიხედვით","Georgian"
"[122] რამდენიმე კვლევამ აჩვენა","Georgian"
"აღსანიშნავია","Georgian"
"[123] ამის გამო","Georgian"
"ანალოგიურად","Georgian"
"[124] ენდრიუ ლიჰმა","Georgian"
"[125] მონაცემებმა აჩვენა","Georgian"
"[126] ამჟამად არსებობს ვიკიპედიის 317 ენობრივი გამოცემა (ასევე უწოდებენ ენობრივ ვერსიებს","Georgian"
"2021 წლის იანვრის მდგომარეობით","Georgian"
"[127] სიდიდით მეორე და მესამე ვიკიპედიები თავიანთ პოზიციას აკისრია სტატიის შემქმნელ ბოტ Lsjbot-ს","Georgian"
"ეს უკანასკნელი ფილიპინების ორივე ენაა.","Georgian"
"ექვსეულის გარდა","Georgian"
"[128][129] ყველაზე დიდს","Georgian"
"2019 წლის იანვრისთვის[განახლება]","Georgian"
"ვინაიდან ვიკიპედია დაფუძნებულია ინტერნეტზე და","Georgian"
"ამ განსხვავებებმა შეიძლება გამოიწვიოს გარკვეული კონფლიქტები ორთოგრაფიული განსხვავებების გამო (მაგ.","Georgian"
"ფერი ფერის წინააღმდეგ)[132] ან თვალსაზრისი.","Georgian"
"[133] მიუხედავად იმისა","Georgian"
" ჯიმი უელსი აღწერს ვიკიპედიას","Georgian"
"ინდოეთი არის ქვეყანა","Georgian"
" ამაყობს მდიდარი კულტურით.","Georgian"
"ინდოეთის კულტურა ეხება","Georgian"
" მცირე უნიკალური კულტურების კოლექცია.","Georgian"
" ინდოეთის კულტურა მოიცავს","Georgian"
" ტანსაცმლის","Georgian"
"რელიგიები","Georgian"
" საკვები და ხელოვნება ინდოეთში.","Georgian"
"ყველაზე საყურადღებო","Georgian"
"ინდური კულტურა ყოფილა","Georgian"
"რამდენიმე უცხოური გავლენის ქვეშ","Georgian"
"კულტურები მთელი თავისი ისტორიის განმავლობაში.","Georgian"
" ასევე","Georgian"
"ინდოეთის კულტურის","Georgian"
"არის რამდენიმე მილიონი","Georgian"
"ლენია ძველი.","Georgian"
"Პირველ რიგში","Georgian"
"ინდური წარმოშობის რელიგიებია ინდუიზმი","Georgian"
" ბუდიზმი","Georgian"
" ყველა ეს რელიგია","Georgian"
"დაფუძნებულია კარმასა და დჰარმაზე.","Georgian"
"უფრო მეტიც","Georgian"
"ინდურ რელიგიებს უწოდებენ.","Georgian"
" ინდური რელიგიები მთავარია","Georgian"
" მსოფლიო რელიგიების კატეგორიასთან ერთად","Georgian"
" აბრაამულ რელიგიებთან.","Georgian"
"ასევე","Georgian"
"იმყოფება ინდოეთშიც.","Georgian"
"ეს უცხო რელიგიები","Georgian"
"მოიცავს აბრაამულ რელიგიებს.","Georgian"
" აბრაამული რელიგიები ინდოეთში","Georgian"
" რა თქმა უნდა არის იუდაიზმი","Georgian"
" ქრისტიანობა და ისლამი.","Georgian"
" აბრაამული რელიგიების გარდა","Georgian"
"ზოროასტრიზმი და ბაჰაის რწმენა არის","Georgian"
"სხვა უცხო რელიგიები","Georgian"
" რომლებიც ინდოეთში არსებობს.","Georgian"
" შესაბამისად","Georgian"
" ამდენმა მრავალფეროვანმა რელიგიამ წარმოშვა","Georgian"
" ტოლერანტობისკენ და","Georgian"
" სეკულარიზმი ინდურ კულტურაში.","Georgian"
"ერთობლივი საოჯახო სისტემა არის","Georgian"
" ინდური კულტურის გაბატონებული სისტემა.","Georgian"
"ყველაზე საყურადღებოა ოჯახის წევრები","Georgian"
" შედგება მშობლებისგან","Georgian"
"ბავშვების მეუღლეები და შთამომავლები.","Georgian"
" ყველა ეს ოჯახი","Georgian"
"წევრები ერთად ცხოვრობენ.","Georgian"
" უფრო მეტიც","Georgian"
" მამაკაცი ოჯახის უფროსია.","Georgian"
"ინდოეთი უზარმაზარ დღესასწაულს აღნიშნავს","Georgian"
" ფესტივალების რაოდენობა.","Georgian"
" ეს ფესტივალები ძალიან მრავალფეროვანია","Georgian"
" მრავალრელიგიის გამო და","Georgian"
" მულტიკულტურული ინდური საზოგადოება.","Georgian"
" ინდოელები დიდად აფასებენ სადღესასწაულო ღონისძიებებს.","Georgian"
"უპირველეს ყოვლისა","Georgian"
"უერთდება დღესასწაულებს","Georgian"
" განსხვავებების მიუხედავად.","Georgian"
"ტრადიციული ინდური საკვები","Georgian"
" მუსიკა","Georgian"
" და არქიტექტურა მნიშვნელოვნად განსხვავდება","Georgian"
" სხვადასხვა რეგიონში.","Georgian"
" ეს კომპონენტები გავლენას ახდენენ","Georgian"
" სხვადასხვა ფაქტორებით.","Georgian"
" უპირველეს ყოვლისა","Georgian"
" გეოგრაფია","Georgian"
" და სოფლის/ქალაქის გარემოში.","Georgian"
"ინდური კულტურა იყო შთაგონების წყარო","Georgian"
" ბევრ მწერალს.","Georgian"
" ინდოეთი","Georgian"
"ერთიანობის მთელ მსოფლიოში.","Georgian"
" ინდური კულტურა","Georgian"
" გარდა ამისა","Georgian"
"ინდური იდენტობის კონცეფცია","Georgian"
" გარკვეულ სირთულეებს უქმნის.","Georgian"
" თუმცა","Georgian"
" ინდური კულტურა არსებობს.","Georgian"
" შექმნა ამ ტიპიური","Georgian"
"ინდური კულტურა ზოგიერთიდან გამომდინარეობს","Georgian"
"შინაგანი ძალები.","Georgian"
" უპირველეს ყოვლისა","Georgian"
"არის მყარი კონსტიტუცია","Georgian"
"უნივერსალური ზრდასრული ფრენჩაიზია","Georgian"
" პოლიტიკა","Georgian"
"ინდოეთის კულტურა ასახავს","Georgian"
" რწმენა","Georgian"
" და რელიგიური მიდრეკილებები","Georgian"
" ინდოეთის ხალხი.","Georgian"
"ინდოეთი კულტურულად მრავალფეროვანი ქვეყანაა","Georgian"
" ყველა რეგიონთან ერთად","Georgian"
"თავისი განსხვავებული კულტურა","Georgian"
" აისახება ენაზე","Georgian"
" და ხალხის ტრადიციები.","Georgian"
" ერთი სახელმწიფოს ხალხი სრულიად","Georgian"
"განსხვავებული კულტურული ნიშნით","Georgian"
" სხვა სახელმწიფოების ხალხისგან","Georgian"
" მიუხედავად ამისა","Georgian"
" კანონის უზენაესობა.","Georgian"
"კულტურა ასევე მოქმედებს როგორც ფანჯარა","Georgian"
" ინდოეთის გარესამყაროს.","Georgian"
" სხვადასხვას დათვალიერებით","Georgian"
" ინდოეთის კულტურები","Georgian"
" შეიძლება აღფრთოვანებული იყოს მისი მრავალფეროვნებით","Georgian"
"და ასევე ეცნობა ხალხის","Georgian"
"რელიგიური შეხედულებები და დიდებული წარსული.","Georgian"
" ინდოელი ხალხისთვის","Georgian"
"კულტურა ცხოვრების წესია","Georgian"
" და ეს არის რაღაც","Georgian"
"რომ ღრმად არის ჩაფლული მათ სულში.","Georgian"
"ეს არის ცხოვრების წესი","Georgian"
" რომელიც განსაზღვრავს მათ ქცევას","Georgian"
" საზოგადოება","Georgian"
"ინდოეთი ყველასთვის ცნობილი ქვეყანაა","Georgian"
"მთელ მსოფლიოში თავისი კულტურისა და ტრადიციების გამო.","Georgian"
" ეს არის სხვადასხვათა ქვეყანა","Georgian"
" კულტურები და ტრადიციები.","Georgian"
"ეს არის უძველესი ქვეყანა","Georgian"
" ცივილიზაციები მსოფლიოში.","Georgian"
" სასიცოცხლო კომპონენტები","Georgian"
" ინდური კულტურა არის კარგი მანერები","Georgian"
" ცივილიზებული კომუნიკაცია","Georgian"
" რიტუალები","Georgian"
" მას შემდეგაც კი","Georgian"
"მოდერნიზებულია","Georgian"
"ინდოელი ხალხი","Georgian"
"არ შეცვლილა მათი ტრადიციები და ღირებულებები.","Georgian"
" ერთობის თვისება ადამიანებს შორის","Georgian"
"სხვადასხვა კულტურებმა და ტრადიციებმა შექმნა ინდოეთი","Georgian"
" უნიკალური ქვეყანა.","Georgian"
"აქ ხალხი მშვიდად ცხოვრობს","Georgian"
" ინდოეთში მათი მიყოლებით","Georgian"
" საკუთარი კულტურა და ტრადიციები.","Georgian"
"შივაჯი ბჰონსლი","Georgian"
"ასევე ცნობილია როგორც შივაჯი მაჰარაჯი","Georgian"
" ითვლებოდა ხალხის მეფედ.","Georgian"
" მისი რკინის განსაზღვრა","Georgian"
"დომინირება იყო განსახიერება","Georgian"
" მის გამბედაობას საზღვარი არ ჰქონდა. ეს არტიკლი","Georgian"
"მოიცავს გრძელს და მოკლეს","Georgian"
"შივაჯი მაჰარაჯის ესეები სტუდენტებისთვის.","Georgian"
" შეგიძლიათ თვალყური ადევნოთ ისტორიულ ფაქტებს და","Georgian"
"დაწერეთ ესე შივაჯი მაჰარაჯზე დამოუკიდებლად.","Georgian"
" დაიცავით ფორმატი და შეინარჩუნეთ სათანადო","Georgian"
"თანმიმდევრობა გამოცდაზე მეტი ქულის მისაღებად.","Georgian"
" ეს ესეები ასევე შეიძლება გამოყენებულ იქნას მოსამზადებლად","Georgian"
" შივაჯი მაჰარაჯის ესეების წერის კონკურსისთვის.","Georgian"
"ხალხისთვის ცხოვრობდა მეფე.","Georgian"
" Მებრძოლი","Georgian"
"რომელიც იბრძვის კეთილდღეობისთვის","Georgian"
"ხალხი უსამართლობის წინააღმდეგ ბრძოლით.","Georgian"
" მარათას იმპერია ერთ-ერთია მსოფლიოში","Georgian"
" პრესტიჟული იმპერიების მიერ შექმნილი ა","Georgian"
" ლიდერი","Georgian"
"ჩვენი მიზანი ამ სტატიაში არის მოგაწოდოთ რამდენიმე","Georgian"
" ჩახედვა ცხოვრებაში","Georgian"
" ჩატრაპატი შივაჯი მაჰარაჯი","Georgian"
" დიდი მარათას მეომარი.","Georgian"
"ჩატრაპატი შივაჯი მაჰარაჯი","Georgian"
" იყო მარათას მეომარი","Georgian"
" და მარათას იმპერიის დამფუძნებელი მმართველი","Georgian"
" დასავლეთ ინდოეთში.","Georgian"
" ინდოეთში და სხვა ქვეყნებშიც კი","Georgian"
" ის კვლავ განიხილება","Georgian"
"თავისი დროის უდიდესი მეომარი.","Georgian"
" ინოვაციური სამხედრო ტაქტიკოსი","Georgian"
"და გამოცდილი ადმინისტრატორი","Georgian"
" იგი ითვლება მამაცი მეომრად.","Georgian"
" დიდი თვისებები","Georgian"
"როგორც ლიდერი და მეფე დაეხმარა მას აშენებაში","Georgian"
"მარათას იმპერია მძლავრ და მასიურ ძალად იქცა.","Georgian"
"შივაჯი ბჰონსლი დაიბადა ქ","Georgian"
" შაჰაჯი ბჰონსლის სამეფო ოჯახი.","Georgian"
"დაბადებული ლიდერი იყო და წავიდა","Georgian"
"დამყარებაზე","Georgian"
" მარათას იმპერია რომ","Georgian"
" შეაშინა კიდეც ძლევამოსილი მოგოლები.","Georgian"
"დაიბადა 1627 წლის 16 თებერვალს შივნერში.","Georgian"
"შივაჯი შაჰჯის ამაყი შვილი იყო.","Georgian"
" შივაჯი მაჰარაჯის ეს ესე","Georgian"
" ინგლისურად გეტყვით დიდების შესახებ","Georgian"
" და ხალხის მეფის ვაჟკაცობა.","Georgian"
"შივაჯის დედა ჯიჯაბაი იყო","Georgian"
"ასევე ძალიან ძლიერი პიროვნება.","Georgian"
" იგი სათნო იყო და აძლევდა","Georgian"
"სათანადო განათლებას","Georgian"
" მის შვილს უშიშარი გახადოს.","Georgian"
" ის გაიზარდა მოსმენით","Georgian"
" ვაჟკაცობა და დიდება","Georgian"
" რამაიანა და მაჰაბჰარატა.","Georgian"
"ისიც აჰყვა სწავლებას","Georgian"
"ამ ორი ეპოსის","Georgian"
"ძლიერი ელასტიური თვისებები","Georgian"
"იდეალური ინდუის ხასიათის.","Georgian"
" მან არასოდეს ისწავლა ქედმაღლობა","Georgian"
"ნებისმიერ ძალამდე.","Georgian"
"ამ შივაჯი მაჰარაჯის ესეში","Georgian"
"მიღწევები გაიხსნება.","Georgian"
"იმ ადამიანებისთვის","Georgian"
" გაანადგურეს მოგოლთა იმპერიამ","Georgian"
" ჩატრაპატი შივაჯი მაჰარაჯის დაბადება","Georgian"
" კარგი ნიშანი იყო.","Georgian"
" გაჭირვების დროს","Georgian"
"მოგოლთა წესით","Georgian"
"ხალხის იმედის სხივი.","Georgian"
" მაჰარაჯი დაიბადა 18 თებერვალს","Georgian"
"1630 წელი იულიუსის კალენდრით","Georgian"
" და ფოლგუნ კრიშნაზე","Georgian"
" ტრიტია (ფალგუნი კრიშნა ტრიტია)","Georgian"
" ინდუსური კალენდრის მიხედვით","Georgian"
" შივნერის ციხეზე","Georgian"
" პუნის რაიონთან","Georgian"
"ბოსალე და ჯიჯაბაი ბოსალე.","Georgian"
"ჩვენ მივაწოდეთ გარკვეული ინფორმაცია","Georgian"
" შივაჯი მაჰარაჯის დაბადების თარიღის შესახებ","Georgian"
" ამ სტატიის ბოლოს.","Georgian"
"ბავშვობაში დედამ","Georgian"
" ჯიჯამატამ მას ""შივბა"" უწოდა.","Georgian"
" ის ემსახურებოდა მეფეს","Georgian"
" ბიჯაპური ახალგაზრდობის პერიოდში.","Georgian"
" გარდა იმისა","Georgian"
" ის ცხოვრობდა პუნის გარკვეულ რაიონში.","Georgian"
" ჯიჯაბაი","Georgian"
" იყო ღრმად რელიგიური და","Georgian"
" ამბიციური ქალი","Georgian"
" იყო სინდხედის ლიდერი ლახუჯირაო ჯადჰავი.","Georgian"
" სიმართლე გაიმარჯვებს","Georgian"
"დასასრული","Georgian"
"ვისაც ეს ასწავლეს","Georgian"
"ბრძოლა რა არის სწორი","Georgian"
" რა გამოწვევებიც არ უნდა იყოს","Georgian"
" შენი სახე ყველაზე მნიშვნელოვანია","Georgian"
" გაკვეთილი","Georgian"
"როცა შივაჯი იზრდებოდა","Georgian"
" ჯიჯამატას სწავლება ჰქონდა","Georgian"
" ღრმა გავლენა მის გონებაზე.","Georgian"
"თუ გადავხედავთ","Georgian"
"ინდოეთის არჩევნების სცენარი","Georgian"
" ნებისმიერი შემთხვევითი ადამიანი საკმარისი ძალაუფლებით და","Georgian"
"ფულს შეუძლია არჩევნებში მონაწილეობა.","Georgian"
"ისინი უბრალოდ უნდა იყვნენ ქვეყნის მოქალაქეები","Georgian"
" ქვეყანაში და იყოს","Georgian"
"მინიმუმ 25 წლის.","Georgian"
" Არის ცოტაოდენი","Georgian"
"პუნქტებიც","Georgian"
"ყველაზე უცნაური ის არის","Georgian"
"არჩევნებისთვის არ არის საჭირო","Georgian"
" ნებისმიერი მინიმალური განათლების კვალიფიკაცია.","Georgian"
" ამრიგად","Georgian"
" და არადამსახურებული კანდიდატები","Georgian"
"ხელისუფლებაში მოხვედრა და შემდეგ გაუთავებლად ბოროტად გამოყენება.","Georgian"
" ქვეყანა გაუნათლებელი მინისტრებით","Georgian"
" არ შეიძლება განვითარდეს ან თუნდაც სწორ გზაზე იყოს.","Georgian"
"მთავრობაში ძალიან გვჭირდება განათლებული მინისტრები.","Georgian"
"მათ შეუძლიათ შექმნან","Georgian"
"ქვეყანა პროგრესირებს ისე","Georgian"
" უწიგნურებზე უკეთესი რამ.","Georgian"
" კანდიდატები უნდა იყვნენ კარგად კვალიფიცირებული","Georgian"
"რათა აიღოს დიდი პასუხისმგებლობა","Georgian"
" როგორც მთელი ერის მართვა.","Georgian"
"მოკლედ","Georgian"
"კორუმპირებული და გაუნათლებელი პოლიტიკოსები","Georgian"
"რომლებიც არანაკლებ პარაზიტების ჭამა","Georgian"
" მოშორება განვითარების ზრდას","Georgian"
"ქვეყანა და მისი რესურსები.","Georgian"
" ყველა ჩვენგანი უნდა გავერთიანდეთ","Georgian"
" საჭე და მუშაობა","Georgian"
" ჩვენი ქვეყნის წარმატებული მომავალი.","Georgian"
"გაზეთის ტირაჟი დაიწყო","Georgian"
"მე-17 საუკუნეში. Სხვა და სხვა ქვეყნები","Georgian"
" აქვს სხვადასხვა ვადები დასაწყებად","Georgian"
" გაზეთების გამოცემა. 1665 წელს","Georgian"
"ინგლისში იბეჭდებოდა პირველი რეალური გაზეთი.","Georgian"
" პირველი ამერიკული გაზეთი","Georgian"
"სახელწოდებით „საჯარო მოვლენები როგორც უცხოური","Georgian"
" დაიბეჭდა 1690 წელს. ანალოგიურად","Georgian"
"ეს ყველაფერი იწყება 1702 წლიდან და კანადაში","Georgian"
"1752 წელს პირველი გაზეთი დაასახელა","Georgian"
" Halifax Gazette-მა გამოცემა დაიწყო.","Georgian"
"მე-19 საუკუნის ბოლოს გაზეთები","Georgian"
" ძალიან გავრცელებული გახდა და","Georgian"
" იაფად იყო ხელმისაწვდომი იმის გამო","Georgian"
" მათზე შტამპის გადასახადის გაუქმება. მაგრამ","Georgian"
" მე-20 საუკუნის დასაწყისში კომპიუტერული ტექნოლოგია","Georgian"
" დაიწყო ბეჭდვის ძველი შრომითი მეთოდის შეცვლა.","Georgian"
"გაზეთი ძალიან ძლიერი საშუალებაა","Georgian"
"ხალხში ინფორმაციის გავრცელება.","Georgian"
" ინფორმაცია ძალიან სასიცოცხლოდ მნიშვნელოვანია","Georgian"
" ვიცით რა ხდება ჩვენს ირგვლივ. ასევე","Georgian"
" მოვლენებზე","Georgian"
"ჩვენი გარემო გვეხმარება","Georgian"
" ჩვენ უკეთეს დაგეგმვასა და გადაწყვეტილებაში.","Georgian"
"მთავრობა და სხვა","Georgian"
"ოფიციალური განცხადებები","Georgian"
" კეთდება გაზეთში.","Georgian"
" მთავრობა და კერძო სექტორი","Georgian"
" დასაქმებასთან დაკავშირებული ინფორმაცია","Georgian"
" ვაკანსიები და სხვადასხვა კონკურენცია დაკავშირებული","Georgian"
"ინფორმაცია ასევე","Georgian"
" გამოქვეყნდა გაზეთში.","Georgian"
"Ამინდის პროგნოზი","Georgian"
"ბიზნესთან დაკავშირებული სიახლეები","Georgian"
" ეკონომიკური","Georgian"
" სპორტთან და გართობასთან დაკავშირებული ყველაფერი","Georgian"
" ინფორმაცია გაზეთში ქვეყნდება.","Georgian"
"გაზეთი იდეალურია","Georgian"
" გაზრდის წყარო","Georgian"
"მიმდინარე საქმეები. შინამეურნეობის უმეტესობაში","Georgian"
"დღევანდელი საზოგადოება დილა იწყება","Georgian"
" საკითხავი გაზეთი.","Georgian"
"დიგიტალიზაციის ამ ეპოქაში","Georgian"
" უხვი მონაცემებია","Georgian"
"ხელმისაწვდომია ინტერნეტში.","Georgian"
"სიახლეების უმეტესობა","Georgian"
" არხისა და გაზეთების გამომცემლობები გაუმკლავდნენ","Georgian"
" ტენდენციასთან ერთად","Georgian"
" დიგიტალიზაცია გაიხსნა","Georgian"
"საკუთარი ვებსაიტი და მობილური აპლიკაცია.","Georgian"
" ინფორმაცია სოციალურ ქსელში მყისიერად ვრცელდება","Georgian"
"მედია და საიტები.","Georgian"
"ამ მიმდინარე სცენარში","Georgian"
" სადაც ინფორმაცია","Georgian"
"თითქმის ხელმისაწვდომია რეალურ დროში ინტერნეტში","Georgian"
" გაზეთი თავდაპირველი სახით ჩანს","Georgian"
"წინაშე მკურნალობა","Georgian"
"არსებობა. თუმცა","Georgian"
" ყოველკვირეული გაზეთები მაინც","Georgian"
" ამაში თავისი მნიშვნელობა აქვს","Georgian"
" ციფრული ეპოქა.","Georgian"
" გაზეთი კვლავ განიხილება","Georgian"
"როგორც ნებისმიერი ინფორმაციის ავთენტური წყარო.","Georgian"
"გაზეთების უმეტესობას ასევე აქვს განსაკუთრებული","Georgian"
" განყოფილება ახალგაზრდებისა და სკოლის მოსწავლეებისთვის","Georgian"
" გამოხატონ და გამოავლინონ თავიანთი ნიჭი.","Georgian"
"რამდენიმე სტატია ვიქტორინაზე","Georgian"
" გამოქვეყნებულია მოთხრობა","Georgian"
"რომელიც ამზადებს გაზეთს","Georgian"
" საინტერესო სტატიები","Georgian"
" სკოლის მოსწავლეებს შორის.","Georgian"
"ის ასევე ეხმარება ჩანერგვას","Georgian"
"კითხვის ჩვევა","Georgian"
"გაზეთი ადრეული ასაკიდანვე.","Georgian"
"გაზეთები დიდი წყაროა","Georgian"
" ინფორმაცია რომ","Georgian"
"შეიძლება ხელმისაწვდომი იყოს სახლში.","Georgian"
" თითოეული და ყველა","Georgian"
" უნდა უზრუნველყოს შეწოვა","Georgian"
" კითხვის ჩვევა","Georgian"
" გაზეთები მათ ცხოვრებაში.","Georgian"
" დღევანდელ ციფრულ სამყაროში","Georgian"
"ინფორმაციის ონლაინ წყარო","Georgian"
"ხელმისაწვდომია","Georgian"
" ავთენტურობა და სანდოობა","Georgian"
" ასეთი ინფორმაცია არის","Georgian"
" უცნობი. გაზეთია","Georgian"
" რომელიც უზრუნველყოფს უზრუნველყოფას","Georgian"
" ჩვენთან ზუსტი და დამოწმებული","Georgian"
" ინფორმაცია. გაზეთები მუდმივია","Georgian"
" როგორც იმიტომ","Georgian"
" შეუძლია ხალხის რწმენის მოპოვება","Georgian"
" თავისი დადასტურებული ინფორმაციით. სოციალურად","Georgian"
"გაზეთი მნიშვნელოვან როლს ასრულებს","Georgian"
" აღზრდა და შენარჩუნება","Georgian"
" მორალი და ჰარმონია","Georgian"
" საზოგადოება უფრო ფართო მასშტაბით.","Georgian"
"ერთ-ერთი ყველაზე ცნობილი","Georgian"
"და პატივცემული მრეწველები ინდოეთში","Georgian"
" რატან ნავალ ტატა თავმჯდომარეა","Georgian"
"Tata Sons და Tata Group. 73 წლის ასაკში","Georgian"
" ტატა ხელმძღვანელობს ქვეყნის ერთ-ერთ უდიდეს","Georgian"
" კონგლომერატები","Georgian"
" ფირმები","Georgian"
" 67 მილიარდი აშშ დოლარი. თავმჯდომარეც არის","Georgian"
" ძირითადი Tata კომპანიები","Georgian"
"ტატას საკონსულტაციო მომსახურება","Georgian"
"ინდური სასტუმროების კომპანია.","Georgian"
"თათა დაიბადა 1937 წლის 28 დეკემბერს ქ","Georgian"
" მუმბაი","Georgian"
" მისი დიდი ბაბუა იყო ჯამსეჯი ტატა","Georgian"
" Tata ჯგუფის დამფუძნებელი. როგორც ახალგაზრდა ბიჭი","Georgian"
" თათა აწუხებდა","Georgian"
"ბავშვობა მშობლების დაშორების შემდეგ.","Georgian"
" ის ბებიამ გაზარდა","Georgian"
"ლედი ნავაჯბაი ფუფუნების კალთაში ტატა პალასში.","Georgian"
" ამერიკას განსაკუთრებული გატაცება ჰქონდა","Georgian"
"ტატას მემკვიდრე და ის წავიდა კორნელის უნივერსიტეტში","Georgian"
" არქიტექტურისა და კონსტრუქციული ინჟინერიის შესასწავლად.","Georgian"
" მოგვიანებით მან მენეჯმენტი დაიწყო","Georgian"
"კურსი ჰარვარდის უნივერსიტეტიდან.","Georgian"
"მოგვიანებით თათამ გზა გაიკვალა","Georgian"
"Tata Industries-ის თავმჯდომარე","Georgian"
" და ინსტრუმენტული იყო დაწყების საქმეში","Georgian"
"რეფორმების ფართო სპექტრში.","Georgian"
"სწორედ მისი მეთაურობით იყო","Georgian"
" Tata Consultancy Services საჯარო გახდა","Georgian"
"და Tata Motors იყო ჩამოთვლილი","Georgian"
" ნიუ-იორკის საფონდო ბირჟაზე მიცემა","Georgian"
"ეს უფრო საერთაშორისო ძალაუფლება და აღიარებაა.","Georgian"
" მას მიაწერენ ლიდერობას","Georgian"
" Tatas-ის წარმატებული შეთავაზება Corus-ისთვის","Georgian"
" ფოლადისა და ალუმინის ანგლო-ჰოლანდიური მწარმოებელი","Georgian"
"ასევე Jaguar და Land Rover","Georgian"
"ბრენდები Ford Company-დან.","Georgian"
"მისი მოღვაწეობის პერიოდში კომპანია","Georgian"
"შეესწრო ინდოეთის გაშვებას","Georgian"
" პირველი მართლაც ინდური მანქანა","Georgian"
" მანქანა თათას ჭკუა იყო.","Georgian"
" 2000 წელს შეიძინა თათას კვების განყოფილება","Georgian"
"ჩაის ფირმა Tetley 70 მილიონ გირვანქა სტერლინგად.","Georgian"
"2009-10 წლებში ჯგუფის შემოსავლები","Georgian"
" გაიზარდა თითქმის 12-ჯერ","Georgian"
"საერთო ჯამში 67","Georgian"
" თათა ასევე ემსახურება","Georgian"
" Fiat SpA-ს და Alcoa-ს დაფები და","Georgian"
" ასევე არის საერთაშორისოზე","Georgian"
" Mitsubishi Corporation-ის საბჭოები","Georgian"
" ამერიკული საერთაშორისო ჯგუფი","Georgian"
" სინგაპურის ხელისუფლება.","Georgian"
"2000 წელს მიენიჭა პატივი","Georgian"
" პადმა ბუშანი მიერ","Georgian"
" ინდოეთის მთავრობა.","Georgian"
" მას ასევე მიენიჭა","Georgian"
"საპატიო დოქტორი","Georgian"
" ბიზნესის ადმინისტრირებაში","Georgian"
"ოჰაიოს სახელმწიფო უნივერსიტეტის მიერ","Georgian"
"საპატიო დოქტორის წოდება","Georgian"
"აზიის ინსტიტუტის ტექნოლოგია","Georgian"
" ტექნოლოგიები","Georgian"
"და საპატიო დოქტორის წოდება","Georgian"
" მეცნიერება უორვიკის უნივერსიტეტის მიერ.","Georgian"
"თათას აქვს პირადი","Georgian"
" ქონება 300 მილიონი GBP","Georgian"
"და ფლობს 1%-ზე ნაკლებს","Georgian"
"კოლოსალური ჯგუფი.","Georgian"
"ტატა ჯგუფის ორ მესამედზე მეტია","Georgian"
"ქველმოქმედების საკუთრებაშია","Georgian"
"ნდობა","Georgian"
"თათამ იდეალურად დააყენა","Georgian"
" კეთილშობილების მაგალითი და","Georgian"
" ხელმძღვანელობა 26/11 შეტევის დროს.","Georgian"
" უიარაღო ის სრულიად მარტო იდგა გარეთ","Georgian"
"სასტუმრო ტაჯი და ხელმძღვანელობდა საქმიანობას","Georgian"
" დაზარალებულთა დასახმარებლად. მან აჩვენა თავისი","Georgian"
" ჰუმანური ჟესტი პირადად სტუმრად","Georgian"
" 80-ვე თანამშრომლის ოჯახი","Georgian"
" მოკლული ან დაშავებული. ქვაზე არ დაუტოვებია","Georgian"
" დაზარალებულთათვის დახმარება და სთხოვა კიდეც","Georgian"
" ოჯახები და დამოკიდებულები","Georgian"
"რა უნდოდათ მას.","Georgian"
"მისი პენსიაზე გასვლა შეიძლება ჯერ კიდევ ერთი წელია დარჩენილი","Georgian"
" მაგრამ თათამ ცარცი დაიწყო","Georgian"
"გეგმები მისი პენსიაზე გასვლის შემდეგ.","Georgian"
" ის გეგმავს დიზაინის შექმნას","Georgian"
" საერთაშორისო სტანდარტებისა და მასშტაბის ცენტრი.","Georgian"
"მან ხელმძღვანელობდა მრავალი ადამიანის განვითარებას","Georgian"
"ინოვაციური დიზაინი და პროდუქტები","Georgian"
" ყველაზე ცნობილი ნანოა.","Georgian"
"ნანოს იდეა მასთან ერთად დაიბადა","Georgian"
" შეშფოთება ბირთვული უსაფრთხოებისთვის","Georgian"
" ოჯახები","Georgian"
" სწორედ მან შემოგვთავაზა ეს","Georgian"
" მინიატურული მანქანა უნდა იყოს დამონტაჟებული","Georgian"
"მხოლოდ ერთი საქარე მინის საწმენდით.","Georgian"
"ამან შეამცირა მისი ფასი","Georgian"
" და ტექნიკური ხარჯები.","Georgian"
"ინგლისური გრამატიკის სწავლება გვეხმარება","Georgian"
" სტუდენტების შესაძენად","Georgian"
"მოსმენის უნარები","Georgian"
" საუბარი","Georgian"
" და წერა.","Georgian"
"გრამატიკის ცოდნის გარეშე","Georgian"
"მოსწავლეებს არ შეუძლიათ ლაპარაკი","Georgian"
" ან სწორად დაწერე ინგლისური.","Georgian"
" გრამატიკა მნიშვნელოვან როლს ასრულებს","Georgian"
"ნებისმიერი ენის სწავლება და შესწავლა.","Georgian"
" ხელისუფლებამ გააცნობიერა მისი მნიშვნელობა","Georgian"
" გრამატიკა","Georgian"
" ენობრივი განათლების.","Georgian"
" გრამატიკა გახდა","Georgian"
"მნიშვნელოვანი ნაწილი","Georgian"
"სკოლის ინგლისური სასწავლო გეგმა","Georgian"
" დაწყებითიდან უმაღლეს განათლებამდე.","Georgian"
" გრამატიკა არის საფუძველი","Georgian"
"ინგლისური ენა","Georgian"
" და ეს არის ფუნდამენტური","Georgian"
"სწავლების ნაწილი და","Georgian"
" ინგლისური გრამატიკის სწავლა","Georgian"
" ბუტანის კლასში.","Georgian"
"სკოლის ინგლისური სასწავლო გეგმა იყოფა","Georgian"
" ინგლისური ოთხ ძირითად უნარში","Georgian"
"საუბარი და მოსმენა","Georgian"
" კითხვა და ლიტერატურა და ენა","Georgian"
"დაწყებითი დაწყებით თორმეტ კლასამდე","Georgian"
"დაეხმარეთ მოსწავლეებს სწორად ისწავლონ.","Georgian"
" ამიტომ","Georgian"
" ინგლისური გრამატიკის სწავლება და შესწავლა","Georgian"
"ფორმალური სახით საკლასო გარემოში","Georgian"
" დაეხმარეთ მოსწავლეებს მოსმენის მოპოვებაში","Georgian"
" საუბრის","Georgian"
" ბუნება","Georgian"
