"Text","Language"
"Die Kultur Indiens bezieht sich auf","German"
" eine Sammlung kleinerer einzigartiger Kulturen.","German"
" Die Kultur Indiens umfasst","German"
" von Kleidung","German"
"Religionen","German"
" Essen und Kunst in Indien.","German"
"Am bemerkenswertesten","German"
"Indische Kultur war","German"
"von mehreren ausländischen beeinflusst","German"
"Kulturen im Laufe seiner Geschichte.","German"
" Auch die Geschichte","German"
"der indischen Kultur","German"
"ist mehrere Mio","German"
"lennie alt.","German"
"Erstens","German"
"Religionen indischen Ursprungs sind der Hinduismus","German"
" Buddhismus","German"
" All diese Religionen","German"
"basieren auf Karma und Dharma.","German"
"Darüber hinaus sind diese vier","German"
"als indische Religionen bezeichnet.","German"
" Indische Religionen sind ein Hauptfach","German"
" Kategorie der Weltreligionen entlang","German"
" mit abrahamitischen Religionen.","German"
"Auch viele fremde Religionen sind dabei","German"
"auch in Indien präsent.","German"
"Diese fremden Religionen","German"
"schließen abrahamitische Religionen ein.","German"
" Die abrahamitischen Religionen in Indien","German"
" sicherlich sind das Judentum","German"
" Christentum und Islam.","German"
" Neben den abrahamitischen Religionen","German"
"Zoroastrismus und Bahá'í-Glaube sind","German"
"die anderen fremden Religionen","German"
" die es in Indien gibt.","German"
" Folglich ist die Anwesenheit von","German"
" so viele verschiedene Religionen entstanden sind","German"
" zu Toleranz u","German"
" Säkularismus in der indischen Kultur.","German"
"Das gemeinsame Familiensystem ist das","German"
" vorherrschendes System der indischen Kultur.","German"
"Am bemerkenswertesten sind die Familienmitglieder","German"
" bestehen aus Eltern","German"
"Ehegatten der Kinder und Nachkommen.","German"
" Alle diese Familie","German"
"Mitglieder wohnen zusammen.","German"
" Außerdem der Älteste","German"
" Das männliche Mitglied ist das Familienoberhaupt.","German"
"Indien feiert ein riesiges","German"
" Zahl der Feste.","German"
" Diese Feste sind sehr vielfältig","German"
" aufgrund multireligiöser u","German"
" multikulturelle indische Gesellschaft.","German"
" Inder legen großen Wert auf festliche Anlässe.","German"
"Vor allem das ganze Land","German"
"schließt sich den Feierlichkeiten an","German"
" unabhängig von den Unterschieden.","German"
"Traditionelles indisches Essen","German"
" Musik","German"
" und Architektur sehr unterschiedlich","German"
" über verschiedene Regionen hinweg.","German"
" Diese Komponenten werden beeinflusst","German"
" durch verschiedene Faktoren.","German"
" Vor allem diese Faktoren sind","German"
" Geographie","German"
" und ländliche/städtische Umgebung.","German"
"Die indische Kultur war eine Inspiration","German"
" für viele Schriftsteller.","German"
" Indien ist sicherlich ein Symbol","German"
"der Einheit auf der ganzen Welt.","German"
" Die indische Kultur ist sicherlich sehr komplex.","German"
" Außerdem","German"
"Das Konzept der indischen Identität","German"
" bringt gewisse Schwierigkeiten mit sich.","German"
" Aber trotzdem ein typisches","German"
" Indische Kultur existiert.","German"
" Die Entstehung dieses typischen","German"
"Indische Kultur ergibt sich aus einigen","German"
"interne Kräfte.","German"
" Vor allem diese Kräfte","German"
"sind eine robuste Verfassung","German"
"universelles Franchise für Erwachsene","German"
" Politik","German"
"Die Kultur Indiens widerspiegelt","German"
" der Glaube","German"
" und religiöse Neigungen von","German"
" die Menschen in Indien.","German"
"Indien ist ein kulturell vielfältiges Land","German"
" mit jeder Region mit","German"
"seine ganz eigene Kultur","German"
"der größte Krieger seiner Zeit.","German"
" Ein innovativer militärischer Taktiker","German"
"und ein geschickter Administrator","German"
" Er gilt als tapferer Krieger.","German"
" Die großen Qualitäten","German"
"als Anführer und König half ihm beim Aufbau der","German"
"Maratha Empire zu einer mächtigen und massiven Macht.","German"
"Shivaji Bhonsle wurde in geboren","German"
" königliche Familie von Shahaji Bhonsle.","German"
"Er war ein geborener Anführer und ging","German"
"auf","German"
" Maratha Empire das","German"
" erschreckte sogar die mächtigen Moguln.","German"
"Geboren am 16. Februar 1627 in Shivneri","German"
"Shivaji war der stolze Sohn von Shahji.","German"
" Dieser Shivaji Maharaj-Aufsatz","German"
" auf Englisch wird Ihnen von der Herrlichkeit erzählen","German"
" und Tapferkeit des Volkskönigs.","German"
"Shivajis Mutter war Jijabai","German"
"auch sehr stark in der Persönlichkeit.","German"
" Sie war tugendhaft und gab","German"
"die richtige Ausbildung dazu","German"
" ihren Sohn","German"
" Er wuchs mit dem Hören auf","German"
" Tapferkeit und Ruhm der","German"
" Ramayana und Mahabharata.","German"
"Er folgte auch den Lehren","German"
"von diesen beiden Epen aber auch aufgesogen","German"
"die starken belastbaren Eigenschaften","German"
"vom Charakter eines idealen Hindus.","German"
" Verbeugen hat er nie gelernt","German"
"bis auf jede Kraft.","German"
"In diesem Essay von Shivaji Maharaj","German"
"Errungenschaften werden entfaltet.","German"
"Für die Menschen","German"
" wurden vom Mogulreich ruiniert","German"
" die Geburt von Chhatrapati Shivaji Maharaj","German"
" war ein gutes Omen.","German"
" Während der Strapazen von","German"
"der Mogulherrschaft kam er als ein","German"
"Hoffnungsschimmer für die Menschen.","German"
" Maharaj wurde am 18. Februar geboren","German"
"1630 nach dem Julianischen Kalender","German"
" und auf Falgun Krishna","German"
" Tritiya (Falgun Krishna Tritiya)","German"
" nach dem hinduistischen Kalender","German"
" in der Shivneri-Festung in der Stadt Junnar","German"
" in der Nähe des Bezirks Pune nach Shahaji","German"
"Bhosale und Jijabai Bhosale.","German"
"Wir haben einige Informationen bereitgestellt","German"
" über das Geburtsdatum von Shivaji Maharaj","German"
" am Ende dieses Artikels.","German"
"In seiner Kindheit seine Mutter","German"
" Jijamata nannte ihn „Shivba“.","German"
" Er diente dem König von","German"
" Bijapur während seines jungen Lebens.","German"
" Sie sind nicht nur ein „Jahagirdar“","German"
" Er lebte in einer bestimmten Gegend in Pune.","German"
" Jijabai","German"
" war ein zutiefst religiöser und","German"
" ehrgeizige Frau","German"
" war Sindkhed-Führer Lakhujirao Jadhav.","German"
" Die Wahrheit wird triumphieren","German"
"das Ende","German"
"wem das beigebracht wurde","German"
"kämpfen für das","German"
" egal welche herausforderungen","German"
" Ihr Gesicht ist das Wichtigste","German"
" Lektion","German"
"Als Shivaji aufwuchs","German"
" Jijamatas Lehren hatten","German"
" eine tiefgreifende Wirkung auf seinen Geist.","German"
"Betrachten wir die","German"
"Szenario indischer Wahlen","German"
" jede zufällige Person mit genug Macht und","German"
"Geld kann die Wahlen bestreiten.","German"
"Sie müssen nur ein Bürger der sein","German"
" Land und sein","German"
"mindestens 25 Jahre alt.","German"
" Es gibt ein paar","German"
"Klauseln","German"
"Das Seltsamste ist dieser Wettstreit","German"
"für Wahlen nicht erforderlich","German"
" jede Mindestqualifikation.","German"
" So sehen wir","German"
" und unwürdige Kandidaten","German"
"an die Macht kommen und sie dann endlos missbrauchen.","German"
" Ein Land mit ungebildeten Ministern","German"
" sich nicht entwickeln oder gar auf dem richtigen Weg sein können.","German"
"Wir brauchen dringend gebildete Minister in der Regierung.","German"
"Sie sind diejenigen","German"
"das Land Fortschritte","German"
" Dinge besser als die Analphabeten.","German"
" Die Kandidaten müssen gut qualifiziert sein","German"
"um eine große Verantwortung zu übernehmen","German"
" als eine ganze Nation zu regieren.","German"
"Kurz gesagt","German"
"von korrupten und ungebildeten Politikern","German"
"die nicht weniger als fressende Parasiten sind","German"
" weg die entwicklung wachstum von","German"
"Das Land und seine Ressourcen.","German"
" Wir alle müssen uns vereinen","German"
" das Rad und die Arbeit für die","German"
" erfolgreiche Zukunft unseres Landes.","German"
"Die Auflage der Zeitungen begann in","German"
"das 17. Jahrhundert. Verschiedene Länder","German"
" haben unterschiedliche Zeitpläne","German"
" Herausgabe von Zeitungen. 1665","German"
"die 1. echte Zeitung wurde in England gedruckt.","German"
" Die erste amerikanische Zeitung","German"
"mit dem Namen „Öffentlichkeitsereignisse sowohl im Ausland als auch im Inland“","German"
" wurde 1690 gedruckt. In ähnlicher Weise wurde für Großbritannien","German"
"alles beginnt ab 1702 und in Kanada","German"
"Jahr 1752 die erste Zeitung genannt","German"
" Die Halifax Gazette begann mit ihrer Veröffentlichung.","German"
"Im späten 19. Jahrhundert Zeitungen","German"
" wurde sehr häufig und","German"
" waren aufgrund der günstig erhältlich","German"
" Abschaffung der Stempelsteuer auf sie. Aber","German"
" im frühen 20. Jahrhundert Computertechnologie","German"
" begann","German"
"Zeitung ist ein sehr mächtiges Medium","German"
"Verbreitung von Informationen unter Menschen.","German"
" Informationen sind eine sehr wichtige Sache","German"
" wissen","German"
" zu den Geschehnissen um","German"
"unsere Umgebung hilft","German"
" uns in eine bessere Planung und Entscheidung.","German"
"Regierung und andere","German"
"offizielle Ankündigungen","German"
" werden in einer Zeitung gemacht.","German"
" Regierung und Privatsektor","German"
" beschäftigungsbezogene Informationen wie Job","German"
" Stellenangebote und verschiedene wettbewerbsbezogene","German"
"Informationen sind auch","German"
" in der Zeitung veröffentlicht.","German"
"Wettervorhersage","German"
"Wirtschaftsnachrichten","German"
" wirtschaftlich","German"
" sport- und unterhaltungsbezogene alle","German"
" Informationen werden in der Zeitung veröffentlicht.","German"
"Zeitung ist das Ideal","German"
" Quelle der Steigerung","German"
"aktuelle Angelegenheiten. In den meisten Haushalten in","German"
"die aktuelle gesellschaft","German"
" eine Lesezeitung.","German"
"Im Zeitalter der Digitalisierung","German"
" reichlich Daten sind","German"
"im Internet verfügbar.","German"
"Die meisten Nachrichten","German"
" Kanal- und Zeitungsverlage zu bewältigen","German"
" mit dem Trend von","German"
" Digitalisierung eröffnet","German"
"ihre eigene Website und mobile Anwendung.","German"
" Informationen verbreiten sich sofort über soziale Medien","German"
"Medien und Webseiten.","German"
"In diesem aktuellen Szenario","German"
" wo Informationen","German"
"ist nahezu in Echtzeit im Internet verfügbar","German"
" die Zeitung in ihrer ursprünglichen Form scheint","German"
"sich einem Leckerbissen zu stellen","German"
"Existenz. Doch die tägliche","German"
" Wochenzeitungen noch","German"
" behält dabei seine Bedeutung","German"
" digitales Zeitalter.","German"
" Die Zeitung wird noch berücksichtigt","German"
"als authentische Quelle aller Informationen.","German"
"Die meisten Zeitungen haben auch ein Special","German"
" Abteilung für Jugendliche und Schüler","German"
" ihr Talent auszudrücken und zu zeigen.","German"
"Mehrere Artikel zum Quiz","German"
" Kurzgeschichte","German"
"was Zeitung macht","German"
" Artikel interessant","German"
" unter Schülern.","German"
"Es hilft auch beim Einprägen","German"
"die Gewohnheit zu lesen","German"
"die Zeitung von klein auf.","German"
"Zeitungen sind eine gute Quelle für","German"
" Informationen das","German"
"kann zu Hause verfügbar sein.","German"
" Jeder einzelne","German"
" muss sicherstellen","German"
" die Gewohnheit zu lesen","German"
" Zeitungen in ihrem Leben.","German"
" In der heutigen digitalen Welt","German"
"Online-Informationsquelle","German"
"ist leicht verfügbar","German"
" Authentizität und Glaubwürdigkeit","German"
" solcher Informationen sind","German"
" nicht bekannt. Es ist die Zeitung","German"
" die gewährleistet","German"
" uns genau und verifiziert","German"
" Information. Zeitungen sind dauerhaft","German"
" weil sie gewesen sind","German"
" in der Lage","German"
" mit seinen validierten Informationen. Sozial","German"
"Die Zeitung spielt dabei eine wichtige Rolle","German"
" Erziehung und Pflege der","German"
" Moral und Harmonie von","German"
" Gesellschaft in größerem Umfang.","German"
"Einer der bekanntesten","German"
"und angesehene Industrielle in Indien","German"
" Ratan Naval Tata ist der Vorsitzende von","German"
"Tata Sons und Tata Group. Im Alter von 73 Jahren","German"
" Tata leitet eine der größten des Landes","German"
" Konglomerate","German"
" Unternehmen mit einem Gesamtumsatz von ca","German"
" 67 Milliarden US-Dollar. Er ist auch der Vorsitzende","German"
" von großen Tata-Unternehmen wie Tata Steel","German"
" Tata Motors","German"
"Tata Beratungsdienste","German"
" Tata Chemicals und The","German"
"Indisches Hotelunternehmen.","German"
"Tata wurde am 28. Dezember 1937 in geboren","German"
" Mumbai","German"
" Sein Urgroßvater war Jamsedji Tata","German"
" Gründer der Tata-Gruppe. Als kleiner Junge","German"
" Tata hatte einen gestört","German"
"Kindheit nach der Trennung seiner Eltern.","German"
" Er wurde von seiner Großmutter aufgezogen","German"
"Lady Navajbai im Schoß des Luxus im Tata Palace.","German"
" Amerika übte eine besondere Faszination aus","German"
"der Tata-Spross und er ging an die Cornell University","German"
" Architektur und Bauingenieurwesen zu studieren.","German"
" Später betrieb er eine Geschäftsführung","German"
"Kurs von der Harvard University.","German"
"Tata ebnete später seinen Weg zu werden","German"
"der Vorsitzende von Tata Industries","German"
" und war maßgeblich an der Einführung beteiligt","German"
"in einer Vielzahl von Reformen.","German"
"Das stand unter seiner Leitung","German"
" Tata Consultancy Services ging an die Börse","German"
"und Tata Motors wurde in aufgeführt","German"
" die New Yorker Börse geben","German"
"es mehr internationale Macht und Anerkennung.","German"
" Ihm wird die Führung zugeschrieben","German"
" das erfolgreiche Angebot von Tatas für Corus","German"
" ein anglo-niederländischer Stahl- und Aluminiumproduzent","German"
"sowie Jaguar und Land Rover","German"
"Marken der Ford Company.","German"
"Während seiner Amtszeit das Unternehmen","German"
"war Zeuge des Starts von Indien","German"
" erstes wirklich indisches Auto","German"
" Das Auto war die Idee von Tata.","German"
" Im Jahr 2000 wurde die Lebensmittelabteilung von Tata übernommen","German"
"Teefirma Tetley für 70 Mio. GBP.","German"
"Im Jahr 2009-10 die Einnahmen der Gruppe","German"
" sind fast 12-fach gewachsen","German"
"insgesamt 67","German"
" Tata dient auch auf der","German"
" Vorstände von Fiat SpA und Alcoa und","German"
" ist auch international","German"
" Aufsichtsräte der Mitsubishi Corporation","German"
" die American International Group","German"
" JP Morgan Chase","German"
" Temasek Holdings und die Währung","German"
" Behörde von Singapur.","German"
"Im Jahr 2000 wurde er mit geehrt","German"
" Padma Bhushan von der","German"
" Indische Regierung.","German"
" Außerdem wurde ihm ein verliehen","German"
"Ehrendoktor","German"
" in der Betriebswirtschaftslehre","German"
"von der Ohio State University","German"
"eine Ehrendoktorwürde in","German"
"Technologie des Asian Institute","German"
" der Technologie","German"
"und Ehrendoktorwürde in","German"
" Wissenschaft von der University of Warwick.","German"
"Tata hat eine persönliche","German"
" Vermögen von 300 Millionen GBP","German"
"und besitzt weniger als 1 % der","German"
"kolossale Gruppe.","German"
"Mehr als zwei Drittel gehören der Tata Group an","German"
"im Besitz von Wohltätigkeitsorganisationen","German"
"Stiftungen","German"
"Tata setzte perfekt","German"
" Beispiel für Großzügigkeit u","German"
" Führung während der Anschläge vom 26.11.","German"
" Unbewaffnet stand er ganz allein draußen","German"
"Taj Hotel und überwachte die Aktivitäten","German"
" um den Opfern zu helfen. Er stellte seine vor","German"
" menschliche Geste durch den persönlichen Besuch der","German"
" Familien aller 80 Mitarbeiter","German"
" getötet oder verletzt. Er ließ keinen Stein auf dem anderen","German"
" um die Opfer zu entlasten und sogar gebeten","German"
" die Familien und Angehörigen","German"
"was sie von ihm wollten.","German"
"Sein Ruhestand könnte noch ein Jahr entfernt sein","German"
" aber Tata hat angefangen zu kreiden","German"
"Pläne für seine Zeit nach der Pensionierung.","German"
" Er plant","German"
" Zentrum für internationale Standards und Maßstäbe.","German"
"Er hat die Entwicklung von vielen geleitet","German"
"innovative Designs und Produkte","German"
" das berühmteste ist Nano.","German"
"Die Idee von Nano wurde mit ihm geboren","German"
" Sorge um die Sicherheit der Kernenergie","German"
" Familien pendeln auf Zweirädern.","German"
" Er war derjenige","German"
" das Miniaturauto sollte eingebaut werden","German"
"mit nur einem Scheibenwischer.","German"
"Dadurch reduzierte sich der Preis","German"
" und Wartungskosten.","German"
"Englische Grammatik zu unterrichten hilft","German"
" Schüler zu erwerben","German"
"Fähigkeiten im Zuhören","German"
" sprechen","German"
" und Schreiben.","German"
"Ohne Grammatikkenntnisse","German"
"Schüler können nicht sprechen","German"
" oder Englisch richtig schreiben.","German"
" Die Grammatik spielt dabei eine entscheidende Rolle","German"
"jede Sprache lehren und lernen.","German"
" Die Regierung erkannte die Bedeutung von","German"
" Grammatik als Schlüsselelement","German"
" des Sprachunterrichts.","German"
" Grammatik geworden","German"
"ein wichtiger Bestandteil","German"
"der schulische Englischlehrplan","German"
" von der Grundschule bis zur Hochschulbildung.","German"
" Grammatik ist die Basis von","German"
"die englische Sprache","German"
" und es ist eine grundlegende","German"
"Teil des Unterrichts u","German"
" englische Grammatik lernen","German"
" im bhutanischen Klassenzimmer.","German"
"Der Lehrplan für Englisch in der Schule teilt sich auf","German"
" Englisch in vier Schlüsselkompetenzen wie:","German"
"Sprechen und Hören","German"
" Lesen und Literatur und Sprache","German"
"von der Vorschule bis zur zwölften Klasse","German"
"Helfen Sie den Schülern","German"
" Daher wird in diesem Essay erörtert","German"
" Englische Grammatik lehren und lernen","German"
"auf formelle Weise im Klassenzimmer","German"
" den Schülern helfen","German"
" Sprechen","German"
" Natur im weitesten Sinne ist das Natürliche","German"
" physische","German"
"Natur kann sich auf die Phänomene der physischen Welt beziehen","German"
" und auch für das Leben im Allgemeinen.","German"
"Das Studium der Natur ist ein großer","German"
"Obwohl der Mensch Teil der Natur ist","German"
" menschliche Aktivität wird oft als eine von anderen Naturphänomenen getrennte Kategorie verstanden.","German"
"[1] Das Wort Natur ist dem altfranzösischen nature entlehnt und leitet sich vom lateinischen Wort natura ab","German"
"oder ""wesentliche Eigenschaften","German"
" angeborene Veranlagung"" und in der Antike","German"
"bedeutet wörtlich ""Geburt"".","German"
"[2] In der antiken Philosophie wird natura meist als lateinische Übersetzung des griechischen Wortes physis (Ï†ÏÏƒÎ¹Ï‚) verwendet","German"
"die sich ursprünglich auf die intrinsischen Eigenschaften von Pflanzen bezogen","German"
" Tiere und andere Merkmale der Welt entwickeln sich von selbst.","German"
"Das Konzept der Natur als Ganzes","German"
" Erweiterungen des ursprünglichen Begriffs","German"
" es begann mit bestimmten Kernanwendungen des Wortes Ï†ÏÏƒÎ¹Ï‚","German"
" von vorsokratischen Philosophen (obwohl dieses Wort damals eine dynamische Dimension hatte","German"
" besonders für Heraklit)","German"
" und hat seitdem stetig an Aktualität gewonnen.""","German"
"Während des Aufkommens moderner wissenschaftlicher Methoden in den letzten Jahrhunderten","German"
" Natur wurde zur passiven Realität","German"
" von göttlichen Gesetzen organisiert und bewegt.","German"
"[5][6] Mit der industriellen Revolution","German"
" Natur wurde zunehmend als gesehen","German"
"der Teil der Realität","German"
"es wurde daher von einigen Traditionen als heilig angesehen (Rousseau","German"
"amerikanischer Transzendentalismus) oder ein bloßer Anstand für die göttliche Vorsehung","German"
" oder Menschheitsgeschichte (Hegel","German"
"Eine vitalistische Vision der Natur","German"
" wurde zur gleichen Zeit wiedergeboren","German"
"[1] Innerhalb der verschiedenen Verwendungen des Wortes heute","German"
" ""Natur"" bezieht sich oft auf Geologie und Tierwelt.","German"
"Natur kann sich auf den allgemeinen Bereich lebender Pflanzen und Tiere beziehen","German"
" und in einigen Fällen zu den Prozessen","German"
" Objekte – die Art und Weise","German"
" wie das Wetter und die Geologie der Erde.","German"
"Es wird oft als ""natürliche Umgebung"" oder Wildnis bezeichnet - wilde Tiere","German"
" und im Allgemeinen jene Dinge","German"
"oder die trotz menschlicher Eingriffe bestehen bleiben.","German"
"Beispielsweise werden hergestellte Objekte und menschliche Interaktion im Allgemeinen nicht als Teil der Natur angesehen","German"
" es sei denn","German"
"Dieses traditionellere Konzept von natürlichen Dingen","German"
"heute zu finden impliziert eine Unterscheidung zwischen dem Natürlichen und dem Künstlichen","German"
" wobei das künstliche Wesen als das verstanden wird","German"
"Je nach Kontext","German"
" Der Begriff ""natürlich"" könnte auch von dem unnatürlichen oder dem übernatürlichen unterschieden werden.","German"
"[1] Die Erde ist der einzige Planet","German"
" und seine natürlichen Besonderheiten sind Gegenstand vieler wissenschaftlicher Forschungsgebiete.","German"
"Innerhalb des Sonnensystems","German"
" es ist der Sonne am drittnächsten","German"
" Es ist der größte terrestrische Planet und der fünftgrößte insgesamt.","German"
"Seine hervorstechendsten klimatischen Merkmale sind seine zwei großen Polarregionen","German"
" zwei relativ schmale gemäßigte Zonen","German"
"und eine breite äquatoriale tropische bis subtropische Region.","German"
"[7] Die Niederschlagsmenge variiert stark je nach Standort","German"
" von mehreren Metern Wasser pro Jahr auf weniger als einen Millimeter.","German"
"71 Prozent der Erdoberfläche sind von Salzwasserozeanen bedeckt.","German"
"Der Rest besteht aus Kontinenten und Inseln","German"
" mit dem größten Teil des bewohnten Landes in der nördlichen Hemisphäre.","German"
"Die Erde hat sich durch geologische und","German"
" biologische Prozesse","German"
"Die äußere Oberfläche ist in mehrere allmählich wandernde tektonische Platten unterteilt.","German"
"Der Innenraum bleibt aktiv","German"
" mit einer dicken Kunststoffhülle und einem eisengefüllten Kern","German"
"Dieser Eisenkern besteht aus einer festen inneren Phase","German"
" und eine flüssige äußere Phase.","German"
"Konvektive Bewegung im Kern erzeugt elektrische Ströme durch Dynamowirkung","German"
" und diese wiederum erzeugen das Erdmagnetfeld.","German"
"Die atmosphärischen Bedingungen waren erheblich","German"
" von den ursprünglichen Bedingungen durch die Anwesenheit von Lebensformen verändert","German"
"[8] die ein ökologisches Gleichgewicht schaffen","German"
"Trotz der großen regionalen Unterschiede im Klima nach Breitengrad und anderen geografischen Faktoren","German"
" das langfristige durchschnittliche globale Klima während Zwischeneiszeiten ziemlich stabil ist","German"
" und Schwankungen von einem oder zwei Grad des globalen Durchschnitts","German"
" Temperatur haben historisch gesehen große Auswirkungen auf das ökologische Gleichgewicht","German"
" und auf der tatsächlichen Geographie der Erde.","German"
"[10][11] Geologie ist die Wissenschaft und","German"
"Studium der festen und flüssigen Materie","German"
"Das Gebiet der Geologie umfasst das Studium der Zusammensetzung","German"
" physikalische Eigenschaften","German"
" und Geschichte der Erdmaterialien","German"
" und die Prozesse","German"
"Das Feld ist eine große akademische Disziplin","German"
"und ist auch wichtig für die Mineral- und Kohlenwasserstoffgewinnung","German"
" Kenntnis und Minderung von Naturgefahren","German"
" einige Bereiche der Geotechnik","German"
" und das Verständnis vergangener Klimazonen und Umgebungen.","German"
"Die Geologie eines Gebiets entwickelt sich im Laufe der Zeit als Gesteinseinheiten","German"
"abgelagert und eingefügt werden und durch Verformungsprozesse ihre Form und Lage verändern.","German"
"Gesteinseinheiten werden zunächst entweder durch Ablagerung auf eingelagert","German"
" die Oberfläche oder dringen in das darüber liegende Gestein ein.","German"
"Ablagerungen können auftreten","German"
" der Erde und versteinern später zu Sedimentgestein","German"
" oder wenn vulkanisches Material wie Vulkanasche oder Lavaströme die Oberfläche bedecken.","German"
"Eruptive Intrusionen wie Batholithe","German"
" nach oben in den darüber liegenden Felsen schieben","German"
" und kristallisieren","German"
"Nachdem die anfängliche Gesteinssequenz abgelagert wurde","German"
"die Gesteinseinheiten können deformiert und/oder metamorphosiert werden.","German"
"Verformung tritt typischerweise als Ergebnis einer horizontalen Verkürzung auf","German"
" horizontale Ausdehnung oder Bewegung von Seite zu Seite (Strike-Slip).","German"
"Diese strukturellen Regime beziehen sich im Großen und Ganzen auf konvergente Grenzen","German"
" abweichende Grenzen","German"
" bzw. Transformationsgrenzen zwischen tektonischen Platten.","German"
"Es wird geschätzt","German"
"vor Milliarden Jahren aus dem Sonnennebel","German"
" zusammen mit der Sonne und anderen Planeten.","German"
"[12] Der Mond entstand ungefähr 20 Millionen Jahre später.","German"
"Zunächst geschmolzen","German"
" was zu einer festen Kruste führt.","German"
"Ausgasungen und vulkanische Aktivität erzeugten die Uratmosphäre.","German"
"Kondensierender Wasserdampf","German"
" produziert die Ozeane und andere Wasserquellen.","German"
"[13] Die hochenergetische Chemie wird angenommen","German"
" produzierte vor etwa 4 Milliarden Jahren ein selbstreplizierendes Molekül.","German"
"[14] Kontinente bildeten sich","German"
" Die Erdoberfläche hat sich über Hunderte von Millionen Jahren umgestaltet","German"
" sich gelegentlich zu einem Superkontinent zusammenschließen.","German"
"Vor etwa 750 Millionen Jahren war der früheste bekannte Superkontinent Rodinia","German"
" begann auseinanderzubrechen.","German"
"Die Kontinente vereinigten sich später wieder zu Pannotia","German"
" die vor etwa 540 Millionen Jahren auseinanderbrach","German"
" dann schließlich Pangäa","German"
"[16] Während des Neoproterozoikums Einfrieren","German"
"Temperaturen bedeckten einen Großteil der Erde in Gletschern und Eisschilden.","German"
"Diese Hypothese wurde als ""Schneeballerde"" bezeichnet.","German"
" und es ist von besonderem Interesse","German"
"die kambrische Explosion","German"
"Lebensformen begannen sich vor etwa 530 bis 540 Millionen Jahren zu vermehren.","German"
"[17] Seit der kambrischen Explosion gab es fünf deutlich identifizierbare Massensterben.","German"
"[18] Das letzte Massensterben ereignete sich vor etwa 66 Millionen Jahren","German"
" als ein Meteoriteneinschlag wahrscheinlich das Aussterben von auslöste","German"
" die Nicht-Vogel-Dinosaurier und andere große Reptilien","German"
" aber kleine Tiere wie Säugetiere verschont.","German"
"In den letzten 66 Millionen Jahren hat sich das Leben der Säugetiere diversifiziert.","German"
"[19] Vor mehreren Millionen Jahren eine Art von","German"
" kleiner afrikanischer Affe erlangte die Fähigkeit","German"
"[15] Die spätere Ankunft des menschlichen Lebens","German"
"und die Entwicklung der Landwirtschaft und der weiteren Zivilisation ermöglichten den Menschen","German"
" die Erde schneller zu beeinflussen als jede frühere Lebensform","German"
"sowohl die Art und Menge anderer Organismen als auch das globale Klima beeinflussen.","German"
"Im Vergleich dazu das Great Oxygenation Event","German"
" entstanden durch die Algenvermehrung während der siderischen Zeit","German"
"benötigte etwa 300 Millionen Jahre","German"
"Die gegenwärtige Ära wird als Teil eines Massensterbens eingestuft","German"
" das Aussterben im Holozän","German"
" der schnellste","German"
"[20][21] Einige","German"
" sagen voraus","German"
" Aussterben der Hälfte aller Arten in den nächsten 100 Jahren.","German"
"[22] Das Ausmaß des aktuellen Aussterbeereignisses wird noch erforscht","German"
"von Biologen diskutiert und berechnet.","German"
"[23][24][25] Die Erdatmosphäre ist ein Schlüsselfaktor für die Erhaltung des Ökosystems.","German"
"Die dünne Gasschicht","German"
"Luft besteht hauptsächlich aus Stickstoff","German"
" mit viel geringeren Mengen an Kohlendioxid","German"
"Der atmosphärische Druck nimmt mit der Höhe stetig ab.","German"
"Die Ozonschicht spielt eine wichtige Rolle beim Abbau","German"
" die Menge an ultravioletter (UV) Strahlung","German"
"Da DNA leicht durch UV-Licht beschädigt wird","German"
" dies dient dem Schutz des Lebens an der Oberfläche.","German"
"Die Atmosphäre speichert auch während der Nacht Wärme","German"
" wodurch die täglichen Temperaturextreme reduziert werden.","German"
"Erdwetter tritt fast ausschließlich im unteren Teil der Atmosphäre auf","German"
" und dient als konvektives System zur Umverteilung der Wärme.","German"
"[26] Meeresströmungen sind ein weiterer wichtiger Faktor bei der Bestimmung des Klimas","German"
" insbesondere die große thermohaline Zirkulation unter Wasser","German"
" die Wärmeenergie aus den äquatorialen Ozeanen in die Polarregionen verteilt.","German"
"Diese Strömungen helfen zu moderieren","German"
" die Temperaturunterschiede zwischen Winter und Sommer in den gemäßigten Zonen.","German"
"Auch ohne die Umverteilung von Wärmeenergie durch die Meeresströmungen und die Atmosphäre","German"
" die Tropen wären viel heißer und die Polarregionen viel kälter.","German"
"Das Wetter kann sowohl positive als auch schädliche Auswirkungen haben.","German"
"Wetterextreme","German"
" können große Mengen an Energie auf ihrem Weg verbrauchen und Verwüstung anrichten.","German"
"Die Oberflächenvegetation hat eine Abhängigkeit von den jahreszeitlichen Schwankungen des Wetters entwickelt","German"
" und plötzliche Veränderungen","German"
" sowohl von der Vegetation als auch von den Tieren","German"
"Das Klima ist ein Maß für die langfristigen Trends des Wetters.","German"
"Es ist bekannt","German"
" einschließlich Meeresströmungen","German"
" Oberflächenalbedo","German"
" Schwankungen in der Sonnenhelligkeit","German"
" und Änderungen der Erdumlaufbahn.","German"
"Basierend auf historischen Aufzeichnungen ist die Erde dafür bekannt","German"
" in der Vergangenheit drastischen Klimaveränderungen einschließlich Eiszeiten ausgesetzt waren.","German"
"Das Klima einer Region hängt von vielen Faktoren ab","German"
" vor allem Breitengrad.","German"
"Ein Breitenband der Oberfläche mit ähnlichen klimatischen Eigenschaften bildet eine Klimaregion.","German"
"Es gibt eine Reihe solcher Regionen","German"
" vom tropischen Klima am Äquator bis zum polaren Klima an den nördlichen und südlichen Extremen.","German"
"Das Wetter wird auch von den Jahreszeiten beeinflusst","German"
" die aus der Neigung der Erdachse gegenüber ihrer Bahnebene resultieren.","German"
"So kann zu jeder Zeit im Sommer oder Winter","German"
" Ein Teil der Erde ist direkter den Sonnenstrahlen ausgesetzt.","German"
"Diese Exposition wechselt","German"
"Zu jeder Zeit","German"
" Die nördliche und südliche Hemisphäre erleben entgegengesetzte Jahreszeiten.","German"
"Das Wetter ist ein chaotisches System","German"
" Daher ist eine genaue Wettervorhersage auf nur wenige Tage beschränkt.","German"
"[27] Insgesamt passieren weltweit zwei Dinge:","German"
" (1) die Temperatur steigt im Durchschnitt","German"
" und (2) das regionale Klima hat merkliche Veränderungen erfahren.","German"
"[28] Wasser ist eine chemische Substanz","German"
" Wasserstoff und Sauerstoff (H2O) und ist lebensnotwendig für alle bekannten Lebensformen.","German"
"[29] Im typischen Sprachgebrauch bezieht sich Wasser nur auf seine flüssige Form oder seinen flüssigen Zustand","German"
" aber die Substanz hat auch einen festen Zustand","German"
"und ein gasförmiger Zustand","German"
"Wasser bedeckt 71 % der Erdoberfläche.","German"
"[30] Auf der Erde kommt es hauptsächlich in Ozeanen und anderen großen Gewässern vor","German"
" mit 1","German"
" Wolken und Niederschlag.","German"
"[31][32] Ozeane enthalten 97 % des Oberflächenwassers","German"
" und andere Landoberflächengewässer wie Flüsse","German"
" Seen und Teiche 0","German"
"Hinzu kommt eine winzige Menge des Wassers der Erde","German"
"in biologischen Körpern und hergestellten Produkten enthalten sind.","German"
"Ein Ozean ist ein großer Salzwasserkörper und ein Hauptbestandteil der Hydrosphäre.","German"
"Etwa 71 % der Erdoberfläche (eine Fläche von etwa 361 Millionen Quadratkilometern) sind von Ozeanen bedeckt","German"
"ein zusammenhängendes Gewässer","German"
"Mehr als die Hälfte dieses Gebiets ist über 3.000 Meter (9.800 Fuß) tief.","German"
"Der durchschnittliche ozeanische Salzgehalt beträgt etwa 35 Teile pro Tausend (ppt) (3","German"
"und fast das gesamte Meerwasser hat einen Salzgehalt im Bereich von 30 bis 38 ppt.","German"
"Obwohl allgemein als mehrere ""getrennte"" Ozeane anerkannt","German"
" miteinander verbundener Salzwasserkörper","German"
"[33][34] Dieses Konzept eines globalen Ozeans als kontinuierlichem Körper","German"
" von Wasser mit relativ freiem Austausch zwischen seinen Teilen ist von grundlegender Bedeutung für die Ozeanographie.","German"
"[35] Die großen ozeanischen Abteilungen werden teilweise durch die Kontinente definiert","German"
"verschiedene Archipele und andere Kriterien:","German"
" Diese Bereiche sind (in absteigender Reihenfolge der Größe) der Pazifische Ozean","German"
" der Atlantische Ozean","German"
"Kleinere Regionen der Ozeane werden Meere","German"
"Es gibt auch Salzseen","German"
" Dabei handelt es sich um kleinere Binnensalzwasserkörper","German"
"Zwei bemerkenswerte Beispiele für Salzseen sind der Aralsee und der Große Salzsee.","German"
"Ein See (vom lateinischen Wort lacus) ist ein Geländemerkmal (oder physisches Merkmal)","German"
" ein Flüssigkeitskörper auf der Oberfläche einer Welt","German"
" (eine andere Art von Landschaftsform oder Geländemerkmal","German"
" es ist nicht global) und bewegt sich langsam","German"
"Auf der Erde gilt ein Gewässer als See","German"
"nicht Teil des Ozeans","German"
" ist größer und tiefer als ein Teich und wird von einem Fluss gespeist.","German"
"[36][37] Die einzige Welt außer der Erde","German"
" Saturns größter Mond","German"
"Es ist nicht bekannt","German"
"obwohl Titans Oberfläche von zahlreichen Flussbetten zerschnitten ist.","German"
"Natürliche Seen auf der Erde befinden sich im Allgemeinen in Berggebieten","German"
" und Gebiete mit andauernder oder neuerer Vereisung.","German"
"Andere Seen befinden sich in Endorheic-Becken oder entlang der Laufläufe reifer Flüsse.","German"
"In einigen Teilen der Welt","German"
"Es gibt viele Seen aufgrund chaotischer Entwässerungsmuster","German"
"Alle Seen sind temporär über geologische Zeitskalen","German"
" da sie sich langsam mit Sedimenten füllen oder aus dem sie enthaltenden Becken austreten.","German"
"Ein Teich ist ein stehendes Gewässer","German"
" das ist normalerweise kleiner als ein See.","German"
"Eine Vielzahl von künstlichen Gewässern werden als Teiche klassifiziert","German"
"einschließlich Wassergärten für ästhetische Ornamente","German"
" Fischteiche für die kommerzielle Fischzucht","German"
" und Solarteiche zur Speicherung von Wärmeenergie.","German"
"Teiche und Seen werden anhand der Strömungsgeschwindigkeit von Bächen unterschieden.","German"
"Während Strömungen in Bächen leicht zu beobachten sind","German"
" Teiche und Seen besitzen thermisch angetriebene Mikroströmungen und mäßige windgetriebene Strömungen.","German"
"Diese Merkmale unterscheiden einen Teich von vielen anderen aquatischen Geländemerkmalen","German"
"wie Stream Pools und Gezeitenpools.","German"
"Ein Fluss ist ein natürlicher Wasserlauf","German"
" in Richtung eines Ozeans","German"
"In einigen wenigen Fällen fließt ein Fluss einfach in den Boden oder versiegt vollständig","German"
"Kleine Flüsse können auch mit mehreren anderen Namen bezeichnet werden","German"
" einschließlich Strom","German"
"Es gibt keine allgemeine Regel","German"
"Viele Namen für kleine Flüsse sind spezifisch für die geografische Lage","German"
" Ein Beispiel ist Burn in Schottland und im Nordosten Englands.","German"
"Manchmal sagt man","German"
"Dies ist jedoch aufgrund der Unbestimmtheit der Sprache nicht immer der Fall.","German"
"[39] Ein Fluss ist Teil des Wasserkreislaufs.","German"
"Wasser in einem Fluss wird im Allgemeinen aus Niederschlag durch Oberflächenabfluss gesammelt","German"
" Grundwasseranreicherung","German"
"und die Freisetzung von gespeichertem Wasser in natürlichem Eis und Schneedecken (d. h. von Gletschern).","German"
"Ein Bach ist ein fließendes Gewässer mit einer Strömung","German"
" in einem Bett und Bachufern beschränkt.","German"
"In den Vereinigten Staaten wird ein Bach als Wasserlauf mit einer Breite von weniger als 18 Metern (60 Fuß) eingestuft.","German"
"Bäche sind wichtig als Leitungen im Wasserkreislauf","German"
" Instrumente zur Grundwasserneubildung","German"
"und sie dienen als Korridore für die Migration von Fischen und Wildtieren.","German"
"Der biologische Lebensraum in unmittelbarer Nähe eines Baches wird als Uferzone bezeichnet.","German"
"Angesichts des Status des fortschreitenden Aussterbens im Holozän","German"
" Bäche spielen eine wichtige Korridorrolle bei der Verbindung fragmentierter Lebensräume und damit beim Erhalt der Biodiversität.","German"
"Das Studium der Bäche und Wasserstraßen im Allgemeinen umfasst viele Zweige der interdisziplinären Natur- und Ingenieurwissenschaften","German"
" einschließlich Hydrologie","German"
" Fischbiologie","German"
"Ökosysteme bestehen aus einer Vielzahl von biotischen und abiotischen Komponenten","German"
"[41] Die Struktur und Zusammensetzung wird durch verschiedene Umweltfaktoren bestimmt","German"
"Variationen dieser Faktoren werden dynamische Modifikationen des Ökosystems initiieren.","German"
"Einige der wichtigeren Komponenten sind Boden","German"
" Strahlung von Sonne","German"
"Im Mittelpunkt des Ökosystemkonzepts steht die Idee","German"
"Ganismen interagieren mit jedem anderen Element in ihrer lokalen Umgebung.","German"
"Eugene Odum","German"
"Organismen (dh: die ""Gemeinschaft"") in einem bestimmten Bereich","German"
" Umwelt","German"
" biotische Vielfalt und Stoffkreisläufe (d.h.","German"
": Stoffaustausch zwischen belebten und unbelebten Teilen) innerhalb des Systems ist ein Ökosystem.","German"
"„[42] Innerhalb des Ökosystems sind Arten in der Nahrungskette miteinander verbunden und voneinander abhängig","German"
" und tauschen Energie und Materie untereinander sowie mit ihrer Umgebung aus.","German"
"[43] Das Konzept des menschlichen Ökosystems basiert auf Mensch/Natur","German"
" Dichotomie und die Vorstellung","German"
" sowie mit den abiotischen Bestandteilen ihres Biotops.","German"
"[44] Eine kleinere Größeneinheit wird als Mikroökosystem bezeichnet.","German"
"Ein Mikrosystem kann zum Beispiel ein Stein und das ganze Leben darunter sein.","German"
"Ein Makroökosystem kann eine ganze Ökoregion umfassen","German"
" mit seinem Einzugsgebiet.","German"
"[45] Wildnis wird im Allgemeinen als Gebiete definiert","German"
"Wildnisgebiete finden sich in Naturschutzgebieten","German"
"Naturschutzgebiete","German"
" Nationalparks und sogar in städtischen Gebieten entlang von Flüssen","German"
" Schluchten oder anderweitig unerschlossene Gebiete.","German"
"Wildnisgebiete und geschützte Parks werden berücksichtigt","German"
"wichtig für das Überleben bestimmter Arten","German"
" Erhaltung und Einsamkeit.","German"
"Einige Naturautoren glauben","German"
"[46] und einige Ökologen betrachten Wildnisgebiete als ein","German"
" integraler Bestandteil des sich selbst erhaltenden natürlichen Ökosystems der Erde (der Biosphäre).","German"
"Sie können auch historische genetische Merkmale bewahren und für die sie Lebensraum bieten","German"
" wilde Flora und Fauna","German"
"Obwohl es keine allgemeine Einigung über die Definition des Lebens gibt","German"
" Wissenschaftler akzeptieren im Allgemeinen","German"
" Stoffwechsel","German"
"[47] Man kann auch sagen","German"
"Gemeinsame Eigenschaften von Landorganismen (Pflanzen","German"
"Archaeen und Bakterien) sind","German"
" einen Stoffwechsel haben","German"
"Ein Unternehmen mit diesen Eigenschaften wird im Allgemeinen als Leben betrachtet.","German"
"Nicht jede Definition von Leben betrachtet jedoch alle diese Eigenschaften als wesentlich.","German"
"Von Menschen gemachte Analoga des Lebens können auch als Leben angesehen werden.","German"
"Die Biosphäre ist der Teil der äußeren Hülle der Erde – einschließlich Land","German"
"Oberflächengestein","German"
" und welche biotischen Prozesse wiederum verändern oder transformieren.","German"
"Aus dem weitesten geophysiologischen Blickwinkel","German"
" die Biosphäre ist das globale Ökosystem","German"
"einschließlich ihrer Wechselwirkung mit den Elementen der Lithosphäre (Felsen)","German"
"Die gesamte Erde enthält über 75 Milliarden Tonnen (150 Billionen Pfund oder etwa 6","German"
" die in verschiedenen Umgebungen innerhalb der Biosphäre lebt.","German"
"[48] ​​Über neun Zehntel der gesamten Biomasse auf der Erde sind Pflanzen","German"
" von denen tierisches Leben sehr stark für seine Existenz abhängt.","German"
"[49] Mehr als 2 Millionen Pflanzen- und Tierarten wurden bisher identifiziert","German"
" und Schätzungen der tatsächlichen Anzahl existierender Arten reichen von mehreren Millionen bis weit über 50 Millionen.","German"
"[51][52][53] Die Zahl der einzelnen Lebensarten ist ständig in gewissem Maße im Fluss","German"
" ständig kommen neue Arten hinzu und andere verschwinden.","German"
"Die Gesamtzahl der Arten nimmt rapide ab.","German"
"Der Ursprung des Lebens auf der Erde ist nicht gut verstanden","German"
" aber es ist bekannt","German"
"während der hadäischen oder archaischen Äonen auf einer Urerde","German"
" hatte eine wesentlich andere Umgebung","German"
"[64] Diese Lebensformen besaßen die grundlegenden Merkmale","German"
" von Selbstreplikation und vererbbaren Merkmalen.","German"
"Sobald das Leben erschienen war","German"
" Selektion führte zur Entwicklung immer vielfältigerer Lebensformen.","German"
"Arten","German"
" und die Konkurrenz durch andere Lebensformen erlosch.","German"
"Der Fossilienbestand enthält jedoch Hinweise auf viele dieser älteren Arten.","German"
"Aktuelle fossile und DNA-Beweise zeigen","German"
"können eine kontinuierliche Abstammung bis zu den ersten primitiven Lebensformen zurückverfolgen.","German"
"[64] Als die Grundformen des Pflanzenlebens den Prozess der Photosynthese entwickelten","German"
" Die Energie der Sonne könnte geerntet werden","German"
"[65] Der resultierende Sauerstoff reicherte sich in der Atmosphäre an","German"
" und zur Entstehung der Ozonschicht geführt haben.","German"
"Daraus resultierte der Einbau kleinerer Zellen in größere","German"
" bei der Entwicklung von noch komplexeren Zellen namens Eukaryoten.","German"
"[66] Zellen innerhalb von Kolonien wurden zunehmend spezialisiert","German"
"was zu echten mehrzelligen Organismen führt.","German"
"Da die Ozonschicht schädliche ultraviolette Strahlung absorbiert","German"
" Leben besiedelt die Erdoberfläche.","German"
"Die erste Lebensform","German"
" und sie blieben die einzige Lebensform bis etwa eine Milliarde","German"
" Jahren","German"
"[67] Mikroorganismen sind einzellige Organismen","German"
" und kleiner als das menschliche Auge sehen kann.","German"
"Dazu gehören Bakterien","German"
"Diese Lebensformen kommen an fast jedem Ort auf der Erde vor","German"
" auch im Erdinneren.","German"
"Ihre Vermehrung ist sowohl schnell als auch reichlich.""","German"
"Die Kombination aus einer hohen Mutationsrate und einer horizontalen","German"
" Gentransfer[69] macht sie sehr anpassungsfähig","German"
" und in der Lage","German"
"[70] Sie bilden einen wesentlichen Teil des planetaren Ökosystems.","German"
"Einige Mikroorganismen sind jedoch pathogen und","German"
"kann ein Gesundheitsrisiko für andere Organismen darstellen.","German"
"Ursprünglich teilte Aristoteles alle Lebewesen in Pflanzen","German"
" die sich im Allgemeinen nicht schnell genug bewegen","German"
"Im System von Linné wurden diese zu den Königreichen","German"
" Vegetabilia (später Plantae) und Animalia.","German"
"Seitdem ist klar","German"
" ursprünglich definiert umfasste mehrere nicht verwandte Gruppen","German"
"und die Pilze und mehrere Algengruppen wurden in neue Königreiche versetzt.","German"
"Diese werden jedoch in vielen Kontexten immer noch oft als Pflanzen betrachtet.","German"
"Bakterienleben ist manchmal in der Flora enthalten","German"
"[71][72] und einige Klassifikationen verwenden den Begriff bakteriell","German"
"Flora getrennt von der Pflanzenflora.","German"
"Unter den vielen Arten der Klassifizierung von Pflanzen sind durch","German"
" regionale Floren","German"
" kann auch fossile Flora","German"
"Menschen in vielen Regionen und Ländern sind sehr stolz darauf","German"
" ihre individuellen Anordnungen der charakteristischen Flora","German"
" die aufgrund von Unterschieden weltweit stark variieren können","German"
" in Klima und Gelände.","German"
"Regionale Floren werden üblicherweise in Kategorien wie einheimische Flora unterteilt","German"
"und landwirtschaftliche und Gartenflora","German"
" die letztgenannten werden absichtlich angebaut und kultiviert.","German"
"Einige Arten der ""einheimischen Flora"" wurden tatsächlich vor Jahrhunderten eingeführt","German"
"durch Menschen","German"
" und ein fester Bestandteil des Eingeborenen werden","German"
" oder die natürliche Flora des Ortes","German"
"Dies ist ein Beispiel dafür","German"
"mit der Natur kann die Grenze dessen","German"
"Eine andere Pflanzenkategorie wurde historisch für Unkräuter herausgearbeitet.","German"
"Obwohl der Begriff in Ungnade gefallen ist","German"
"unter Botanikern als formale Methode","German"
"die informelle Verwendung des Wortes ""Unkräuter""","German"
"der Beseitigung würdig ist","German"
" Gesellschaften versuchen","German"
"In ähnlicher Weise werden Tiere oft in Kategorien wie Haustiere","German"
" Wildtiere","German"
"nach ihrer Beziehung zum menschlichen Leben.","German"
"Tiere als Kategorie haben mehrere Eigenschaften","German"
" das unterscheidet sie im Allgemeinen von anderen Lebewesen.","German"
"Tiere sind eukaryotisch und meist mehrzellig","German"
" (obwohl siehe Myxozoa)","German"
"von Bakterien","German"
"Sie sind heterotroph und verdauen im Allgemeinen Nahrung","German"
" in einer inneren Kammer","German"
"Sie werden auch von Pflanzen","German"
"und Pilze durch fehlende Zellwände.","German"
"Mit wenigen Ausnahmen â€“ vor allem den beiden Phyla bestehend aus","German"
" Schwämme und Placozoen – Tiere haben Körper","German"
"Dazu gehören Muskeln","German"
" und ein Nervensystem","German"
"Es gibt typischerweise auch eine innere Verdauungskammer.","German"
"Die eukaryotischen Zellen","German"
" charakteristische extrazelluläre Matrix aus Kollagen und elastischen Glykoproteinen.","German"
"Dies kann verkalkt werden","German"
"ein Gerüst","German"
" Entwicklung und Reifung unterstützt und die für die Mobilität erforderliche komplexe Anatomie unterstützt.","German"
"Obwohl der Mensch nur einen winzigen Anteil der gesamten lebenden Biomasse auf der Erde ausmacht","German"
" Der menschliche Einfluss auf die Natur ist unverhältnismäßig groß.","German"
"Aufgrund des Ausmaßes des menschlichen Einflusses sind die Grenzen zwischen was","German"
" Menschen betrachten Natur und ""gemachte Umgebungen""","German"
" ist nicht eindeutig","German"
"Auch an den Extremen","German"
" das frei von erkennbarem menschlichen Einfluss ist","German"
" nimmt immer schneller ab.","German"
"Die Entwicklung der Technologie durch die menschliche Rasse hat es ermöglicht","German"
" die stärkere Ausbeutung natürlicher Ressourcen und hat dazu beigetragen","German"
" um einen Teil des Risikos durch Naturgefahren zu mindern.","German"
"Trotz dieser Fortschritte ist jedoch das Schicksal der Menschen","German"
"Zivilisation bleibt eng mit Veränderungen in der Umwelt verbunden.","German"
"Es besteht eine hochkomplexe Rückkopplungsschleife zwischen der Verwendung von","German"
" fortschrittliche Technologie und Veränderungen in der Umwelt","German"
"[73] Zu den vom Menschen verursachten Bedrohungen für die natürliche Umwelt der Erde gehören Umweltverschmutzung","German"
" und Katastrophen wie Ölkatastrophen.","German"
"Der Mensch hat zum Aussterben vieler Pflanzen und Tiere beigetragen.","German"
"Der Mensch nutzt die Natur sowohl für Freizeitaktivitäten als auch für wirtschaftliche Aktivitäten.","German"
"Der Erwerb natürlicher Ressourcen für die industrielle Nutzung bleibt bestehen","German"
" ein beträchtlicher Bestandteil des Weltwirtschaftssystems.","German"
"[74][75] Einige Aktivitäten wie Jagen und Fischen werden genutzt","German"
"für Nahrung und Freizeit","German"
"Die Landwirtschaft wurde erstmals um das 9. Jahrtausend v. Chr. Angenommen.","German"
"Von der Nahrungsmittelproduktion bis zur Energie beeinflusst die Natur den wirtschaftlichen Wohlstand.","German"
"Obwohl frühe Menschen unkultiviertes Pflanzenmaterial für sammelten","German"
"Nahrung und nutzte die medizinischen Eigenschaften der Vegetation zur Heilung","German"
"[76] Die modernste Nutzung von Pflanzen durch den Menschen erfolgt durch die Landwirtschaft.","German"
"Die Rodung großer Landstriche für den Pflanzenbau hat dazu geführt","German"
" deutliche Verringerung der verfügbaren Wald- und Feuchtgebiete","German"
" Dies führt zum Verlust des Lebensraums für viele Pflanzen","German"
" und Tierarten sowie verstärkte Erosion.","German"
"[77] Schönheit in der Natur war historisch ein vorherrschendes Thema in Kunst und Büchern","German"
"füllen große Teile von Bibliotheken und Buchhandlungen.","German"
"Dass die Natur von so viel Kunst dargestellt und gefeiert wurde","German"
" Fotografie","German"
" und andere Literatur zeigt die Kraft","German"
" Menschen assoziieren Natur und Schönheit.","German"
"Gründe","German"
" werden von dem Zweig der Philosophie namens Ästhetik untersucht.","German"
"Jenseits bestimmter grundlegender Merkmale","German"
" Philosophen einigen sich darauf","German"
" die Meinungen sind praktisch endlos.","German"
"[78] Natur und Wildnis waren wichtig","German"
" Themen in verschiedenen Epochen der Weltgeschichte.","German"
"Eine frühe Tradition der Landschaftskunst begann in China","German"
" während der Tang-Dynastie (618–907).","German"
"Die Tradition","German"
" Ziele der chinesischen Malerei und war ein bedeutender Einfluss auf die asiatische Kunst.","German"
"Obwohl Naturwunder in den Psalmen und im Buch Hiob gefeiert werden","German"
"Wildnisdarstellungen in der Kunst wurden im 19. Jahrhundert immer häufiger","German"
" besonders in den Werken der Romantik.","German"
"Die britischen Künstler John Constable und J. M. W. Turner drehten ihre","German"
" legen viel Wert darauf","German"
"Davor handelte es sich hauptsächlich um religiöse Szenen oder um Menschen.","German"
"Die Poesie von William Wordsworth beschrieb die Wunder der Natur","German"
"Die Wertschätzung der Natur wurde zunehmend zu einem Aspekt der westlichen Kultur.","German"
"[79] Diese künstlerische Bewegung fiel auch mit der zusammen","German"
" Transzendentalistische Bewegung in der westlichen Welt.","German"
"Eine gemeinsame klassische Vorstellung von schöner Kunst beinhaltet die","German"
" Wort Mimesis","German"
"Auch im Reich der Ideen über Schönheit in der Natur","German"
"dass das Perfekte durch perfekte mathematische Formen impliziert wird und","German"
"allgemeiner durch Muster in der Natur.","German"
"Wie David Rothenburg schreibt: „Das Schöne ist die Wurzel der Wissenschaft und das Ziel der Kunst","German"
" die höchste Möglichkeit","German"
"[80]:281 Manche Wissenschaftsbereiche sehen Natur als Materie in Bewegung","German"
" bestimmten Naturgesetzen zu gehorchen","German"
"Aus diesem Grund ist die grundlegendste Wissenschaft im Allgemeinen","German"
" als „Physik“ verstanden werden – der Name dafür ist","German"
"noch als ""Naturkunde"" erkennbar.","German"
"Materie wird allgemein als die Substanz definiert","German"
"Es bildet das beobachtbare Universum.","German"
"Die sichtbaren Bestandteile des Universums werden jetzt geglaubt","German"
" nur 4","German"
"Der Rest besteht vermutlich zu 26","German"
"dunkle Materie und 68","German"
"[81] Die genaue Anordnung dieser Komponenten steht noch aus","German"
"unbekannt und wird von Physikern intensiv untersucht.","German"
"Das Verhalten von Materie und Energie im gesamten Beobachtbaren","German"
" Das Universum scheint wohldefinierten physikalischen Gesetzen zu folgen.","German"
"Diese Gesetze wurden verwendet","German"
" die die Struktur erfolgreich erklären und","German"
"die Entwicklung des Universums können wir beobachten.","German"
"Die mathematischen Ausdrücke der Gesetze der Physik verwenden einen Satz von zwanzig physikalischen Konstanten[82]","German"
" die im gesamten beobachtbaren Universum statisch zu sein scheinen.","German"
"[83] Die Werte dieser Konstanten wurden sorgfältig gemessen","German"
" aber der Grund für ihre spezifischen Werte bleibt ein Rätsel.","German"
"Weltraum","German"
"leere Regionen des Universums außerhalb der Atmosphären von Himmelskörpern.","German"
"Der Weltraum wird verwendet","German"
"Es gibt keine diskrete Grenze zwischen der Erdatmosphäre und dem Weltraum","German"
"da sich die Atmosphäre mit zunehmender Höhe allmählich abschwächt.","German"
"Der Weltraum innerhalb des Sonnensystems wird als interplanetarer Raum bezeichnet","German"
" die in der sogenannten Heliopause in den interstellaren Raum übergeht.","German"
"Der Weltraum ist spärlich gefüllt mit mehreren Dutzend Arten von","German"
" bisher durch Mikrowellenspektroskopie entdeckte organische Moleküle","German"
" Schwarzkörperstrahlung","German"
" und der Ursprung des Universums und kosmische Strahlen","German"
" Dazu gehören ionisierte Atomkerne und verschiedene subatomare Teilchen.","German"
"Es gibt auch etwas Gas","German"
"Darüber hinaus gibt es heute Anzeichen von menschlichem Leben im Weltraum","German"
"wie Material","German"
"unbemannte Starts","German"
"Einige dieser Trümmer treten periodisch wieder in die Atmosphäre ein.","German"
"Obwohl die Erde der einzige Körper innerhalb des Sonnensystems ist","German"
" Beweise deuten darauf hin","German"
" Der Planet Mars besaß auf der Oberfläche flüssiges Wasser.","German"
"[84] Für einen kurzen Zeitraum in der Geschichte des Mars war er möglicherweise auch in der Lage","German"
"Derzeit ist jedoch das meiste Wasser auf dem Mars gefroren.","German"
"Wenn überhaupt Leben auf dem Mars existiert","German"
" unterirdisch anzuordnen","German"
"[85] Verhältnisse auf den anderen Erdplaneten","German"
" Merkur und Venus scheinen zu hart zu sein","German"
"Aber es wurde vermutet","German"
" kann einen unterirdischen Ozean aus flüssigem Wasser besitzen und möglicherweise Leben beherbergen.","German"
"[86] Astronomen haben begonnen","German"
" Planeten","German"
"Wikipedia wurde am 15. Januar 2001 von Jimmy Wales und Larry Sanger ins Leben gerufen.","German"
"Sanger prägte seinen Namen[5][6] als Kunstwort aus „Wiki“ und „Enzyklopädie“.","German"
"Es war ursprünglich eine englischsprachige Enzyklopädie","German"
"Mit 6","German"
"Insgesamt umfasst Wikipedia mehr als 55 Millionen Artikel[7] und zieht monatlich 1","German"
"[8][9] Wikipedia wurde wegen seiner ungleichmäßigen Genauigkeit und wegen systematischer Voreingenommenheit","German"
" wobei die Mehrheit der Redakteure männlich ist.","German"
"[4] Edit-a-thons wurden abgehalten","German"
"die Berichterstattung über Frauenthemen erhöhen.","German"
"[4] Im Jahr 2018 kündigten Facebook und YouTube an","German"
"[12] Andere kollaborative Online-Enzyklopädien wurden vor Wikipedia versucht","German"
"Wikipedia begann als ergänzendes Projekt für Nupedia","German"
"[14] Es wurde am 9. März 2000 im Besitz von Bomis","German"
"Seine Hauptfiguren waren Jimmy Wales","German"
"[15][16] Nupedia wurde ursprünglich unter seiner eigenen Nupedia Open Content License lizenziert","German"
"[17] Wales wird zugeschrieben","German"
"[18][19] während Sanger die Strategie zugeschrieben wird","German"
"[20] Am 10. Januar 2001 schlug Sanger auf der Nupedia-Mailingliste vor","German"
"[21] Die Domains wikipedia.com und wikipedia.org wurden am 12. Januar 2001[22] und am 13. Januar 2001 registriert.","German"
" 2001[23] und Wikipedia wurde am 15.","German"
"[18] Wikipedias Politik des „neutralen Standpunkts“[25] wurde in den ersten Monaten kodifiziert.","German"
"Ansonsten gab es anfangs relativ wenige Regeln und Wikipedia operierte unabhängig von Nupedia.","German"
"[18] Ursprünglich beabsichtigte Bomis","German"
"[26] Wikipedia erhielt frühe Mitwirkende von Nupedia","German"
"Es wurden auch Sprachausgaben erstellt","German"
"[27] Nupedia und Wikipedia existierten nebeneinander","German"
" und sein Text wurde in Wikipedia aufgenommen.","German"
"Die englische Wikipedia hat am 9. September 2007 die Marke von zwei Millionen Artikeln überschritten und ist damit die größte Enzyklopädie","German"
"[28] Unter Berufung auf Ängste vor kommerzieller Werbung und mangelnder Kontrolle in Wikipedia spalteten sich Benutzer der spanischen Wikipedia von Wikipedia ab","German"
"[29] Wales kündigte dann an","German"
"[30][31] Obwohl die englische Wikipedia im August 2009 drei Millionen Artikel erreichte","German"
" in Bezug auf die Anzahl neuer Artikel und Mitwirkender","German"
"[32] Im Jahr 2006 wurden der Enzyklopädie täglich rund 1.800 Artikel hinzugefügt","German"
"[35][36][37] Im November 2009 stellte ein Forscher der Rey Juan Carlos Universität in Madrid fest","German"
"[38][39] Das Wall Street Journal nannte die Reihe von Regeln","German"
"[40] Wales bestritt diese Behauptungen im Jahr 2009","German"
"[41] Zwei Jahre später","German"
"Im selben Interview behauptete Wales auch","German"
"[42] Ein Artikel aus dem Jahr 2013 mit dem Titel „The Decline of Wikipedia“ in MIT Technology Review stellte diese Behauptung in Frage.","German"
"Der Artikel enthüllte","German"
"[43] Im Juli 2012 berichtete The Atlantic","German"
"[44] In der Ausgabe des New York Magazine vom 25. November 2013 erklärte Katherine Ward: „Wikipedia","German"
" die am sechsthäufigsten genutzte Website","German"
"[45] Im Januar 2007 wurde Wikipedia laut comscore Networks zum ersten Mal in die Top-Ten-Liste der beliebtesten Websites in den USA aufgenommen.","German"
"Mit 42","German"
"Dies war eine deutliche Steigerung gegenüber Januar 2006","German"
"[46] Seit März 2020[Update] hat Wikipedia laut Alexa Internet Rang 13[3] unter den Websites in Bezug auf die Popularität.","German"
"2014 verzeichnete es jeden Monat acht Milliarden Seitenaufrufe.","German"
"[47] Am 9. Februar 2014 berichtete die New York Times","German"
" ""nach Angaben des Ratingunternehmens comScore"".","German"
"[8] Loveland und Reagle argumentieren","German"
"[50] Mehr als 162 Millionen Menschen sahen sich die Blackout-Erklärungsseite an","German"
"[51][52] Am 20. Januar 2014 gab Subodh Varma","German"
" es ""hatte letztes Jahr fast zehn Prozent seiner Seitenaufrufe verloren.","German"
"Zwischen Dezember 2012 und Dezember 2013 gab es einen Rückgang von etwa zwei Milliarden.","German"
"Spitzenreiter sind die beliebtesten Versionen: Seitenaufrufe der englischen Wikipedia gingen um zwölf Prozent zurück","German"
"die der deutschen Version rutschten um 17 Prozent ab und die japanische Version verlor neun Prozent.","German"
"[53] Varma fügte hinzu: Während die Manager von Wikipedia glauben","German"
"andere Experten sind der Meinung","German"
"„[53] Bis Ende Dezember 2016 lag Wikipedia auf Platz fünf der beliebtesten Websites weltweit.","German"
"[54] Im Januar 2013 wurde 274301 Wikipedia","German"
"im Oktober 2014 wurde Wikipedia mit dem Wikipedia-Denkmal geehrt","German"
" 106 der 7.473 700-seitigen Wikipedia-Bände wurden als Print-Wikipedia verfügbar.","German"
"[55][56] Im Juni 2019 berichteten Wissenschaftler","German"
"[57] Im Gegensatz zu traditionellen Enzyklopädien folgt Wikipedia dem Prokrastination-Prinzip [Anmerkung 3] bezüglich der Sicherheit seiner Inhalte.","German"
"[60] Es begann fast völlig offen – jeder konnte Artikel erstellen","German"
" auch diejenigen","German"
"Änderungen an allen Artikeln würden sofort veröffentlicht.","German"
"Infolgedessen kann jeder Artikel Ungenauigkeiten wie Fehler","German"
"Aufgrund der zunehmenden Popularität von Wikipedia werden einige Ausgaben","German"
"haben für bestimmte Fälle Bearbeitungsbeschränkungen eingeführt.","German"
"Beispielsweise können in der englischen Wikipedia und einigen anderen Sprachausgaben nur registrierte Benutzer einen neuen Artikel erstellen.","German"
"[61] Unter anderem auf der englischen Wikipedia wurden besonders kontroverse","German"
"[62][63] Ein häufig zerstörter Artikel kann halbgeschützt oder erweitert bestätigt geschützt werden","German"
"[64] Ein besonders umstrittener Artikel kann gesperrt werden","German"
"[65] Ein Artikel in der Columbia Journalism Review aus dem Jahr 2021 identifizierte die Seitenschutzrichtlinien von Wikipedia als „vielleicht das wichtigste“ Mittel","German"
"[66] In bestimmten Fällen dürfen alle Redakteure Änderungen einreichen","German"
"Beispielsweise verwaltet die deutsche Wikipedia ""stabile Versionen"" von Artikeln","German"
"Nach langwierigen Gerichtsverfahren und Community-Diskussionen","German"
" die englische Wikipedia hat im Dezember 2012 das „pending changes“-System eingeführt.","German"
"Die Seite ""Verlauf"" jedes Artikels verlinkt auf jede Revision.","German"
"[Anmerkung 4] [70] Bei den meisten Artikeln kann jeder die Änderungen anderer rückgängig machen","German"
"Jeder kann die neuesten Änderungen an Artikeln anzeigen","German"
"Neue Seiten patrouillieren ist ein Prozess","German"
"[71] Im Jahr 2003 promovierte Wirtschaftswissenschaften. Die Studentin Andrea Ciffolilli argumentierte","German"
"[72] Jede Änderung oder Bearbeitung","German"
"Zu den häufigsten und offensichtlichsten Arten von Vandalismus gehören Obszönitäten und grober Humor.","German"
"Vandalismus kann auch Werbung und andere Arten von Spam umfassen.","German"
"[73] Manchmal begehen Redakteure Vandalismus","German"
"Weniger häufige Arten von Vandalismus","German"
" zu einem Artikel kann schwieriger zu erkennen sein.","German"
"Vandalen können irrelevante Formatierungen einführen","German"
" den zugrunde liegenden Code eines Artikels manipulieren oder Bilder störend verwenden.","German"
"[75][76] Einige Vandalen brauchen jedoch viel länger","German"
"[77] Im Seigenthaler-Biographie-Vorfall hat ein anonymer Redakteur falsche Informationen eingebracht","German"
"Sogar diese Regeln werden in Wiki-Form gespeichert","German"
"[89] Redakteure können diese Regeln durchsetzen","German"
"Ursprünglich basierten die Regeln für die nicht-englischen Ausgaben von Wikipedia auf einer Übersetzung der Regeln für die englische Wikipedia.","German"
"Seitdem haben sie sich teilweise auseinander entwickelt.","German"
"[67] Gemäß den Regeln der englischen Wikipedia muss jeder Eintrag in Wikipedia ein Thema behandeln","German"
"[90] Ein Thema sollte auch den Wikipedia-Standards der „Notability“ entsprechen","German"
"Darüber hinaus beabsichtigt Wikipedia","German"
"[92] Es darf keine Originalforschung präsentieren.","German"
"Eine Behauptung","German"
"Unter Wikipedia-Redakteuren wird dies oft als ""Überprüfbarkeit","German"
" nicht die Enzyklopädie","German"
"[93] Dies kann manchmal dazu führen","German"
"[94] Schließlich darf Wikipedia nicht Partei ergreifen.","German"
"[95] Alle Meinungen und Standpunkte","German"
"Dies wird als neutraler Standpunkt (NPOV) bezeichnet.","German"
"Wikipedias anfängliche Anarchie integrierte im Laufe der Zeit demokratische und hierarchische Elemente.","German"
"[96][97] Ein Artikel gilt nicht als Eigentum seines Erstellers oder eines anderen Herausgebers oder des Themas des Artikels.","German"
"[98] Redakteure mit gutem Ansehen in der Community können für eine von vielen Ebenen der ehrenamtlichen Verantwortung kandidieren:","German"
"[101][102] Weniger Redakteure werden Administratoren als in den vergangenen Jahren","German"
"[103] Bürokraten ernennen neue Administratoren ausschließlich auf Empfehlung der Community.","German"
"Im Laufe der Zeit hat Wikipedia ein halbformelles Streitbeilegungsverfahren entwickelt","German"
"Um einen Community-Konsens zu ermitteln","German"
"Das Schiedsgericht leitet das endgültige Streitbeilegungsverfahren.","German"
"Obwohl Streitigkeiten normalerweise aus einer Meinungsverschiedenheit zwischen zwei gegensätzlichen Ansichten darüber entstehen","German"
"der Schiedsausschuss lehnt es ausdrücklich ab","German"
"Daher diktiert das Komitee nicht den Inhalt von Artikeln","German"
"Zu den Abhilfemaßnahmen gehören Verwarnungen und Bewährungen (in 63 % der Fälle angewendet) und das Verbot von Redakteuren für Artikel (43 %)","German"
" Themen (23 %) oder Wikipedia (16 %).","German"
"Vollständige Verbote von Wikipedia beschränken sich im Allgemeinen auf Fälle von Identitätsdiebstahl und asozialem Verhalten.","German"
"Wenn das Verhalten nicht Identitätsdiebstahl oder asozial ist","German"
" Abhilfemaßnahmen beschränken sich in der Regel auf Warnungen.","German"
"[105] Jeder Artikel und jeder Benutzer von Wikipedia hat eine zugehörige „Diskussions“-Seite.","German"
"Diese bilden den primären Kommunikationskanal für Redakteure","German"
"[106] Die Wikipedia-Community wurde als kultähnlich beschrieben","German"
"[108] Die Präferenz des Projekts für Kohärenz","German"
" wurde als ""Anti-Elitismus"" bezeichnet.","German"
"[109] Wikipedianer belohnen sich manchmal gegenseitig mit virtuellen Scheunensternen für gute Arbeit.","German"
"Diese personalisierten Zeichen der Wertschätzung offenbaren ein breites Spektrum wertvoller Arbeit","German"
"[110] Wikipedia verlangt von seinen Herausgebern und Mitwirkenden keine Identifikation.","German"
"[111] Als Wikipedia wuchs","German"
"wurde zu einer der häufig gestellten Fragen im Rahmen des Projekts.","German"
"[112] Jimmy Wales hat einmal argumentiert","German"
"[113] Im Jahr 2008 berichtete ein Artikel des Slate-Magazins: „Laut Forschern in Palo Alto","German"
" Ein Prozent der Wikipedia-Benutzer sind für etwa die Hälfte der Bearbeitungen der Website verantwortlich.","German"
"„[114] Diese Methode der Beitragsbewertung wurde später von Aaron Swartz bestritten","German"
"der feststellte","German"
"[115] Die englische Wikipedia hat 6.238.672 Artikel","German"
"und 141.020 aktive Redakteure.","German"
"Ein Redakteur gilt als aktiv","German"
"Redakteure","German"
" können implizit signalisieren","German"
"Ein Wikipedia-Insider zu werden","German"
" sich einem manchmal komplizierten Streitbeilegungsverfahren unterziehen und eine ""verblüffende Kultur reich an Insider-Witzen und Insider-Referenzen"" kennenlernen.","German"
"[116] Redakteure","German"
"Eine Studie von Forschern des Dartmouth College aus dem Jahr 2007 ergab","German"
"[118] Jimmy Wales erklärte 2009","German"
"„[113] Business Insider-Redakteur und Journalist Henry Blodget zeigte jedoch 2009","German"
" Die meisten Inhalte in Wikipedia (gemessen an der Menge des beigetragenen Textes","German"
" während die meisten Bearbeitungen und Formatierungen von ""Insidern"" vorgenommen werden.","German"
"[113] Eine Studie aus dem Jahr 2008 ergab","German"
"[119][120] obwohl ein späterer Kommentar auf schwerwiegende Mängel hinwies","German"
"einschließlich","German"
"[121] Laut einer Studie aus dem Jahr 2009 gibt es „Beweise für wachsenden Widerstand der Wikipedia-Community gegenüber neuen Inhalten“.","German"
"[122] Mehrere Studien haben gezeigt","German"
"Bemerkenswerterweise zeigten die Ergebnisse einer Umfrage der Wikimedia Foundation im Jahr 2008","German"
"[123] Aus diesem Grund versuchten Universitäten in den Vereinigten Staaten","German"
"[125] Daten haben gezeigt","German"
"[126] Derzeit gibt es 317 Sprachausgaben von Wikipedia (auch Sprachversionen oder einfach Wikipedias genannt).","German"
"[127] Die zweit- und drittgrößten Wikipedias verdanken ihre Position dem artikelerzeugenden Bot Lsjbot","German"
" die ab 2013 etwa die Hälfte der Artikel in der schwedischen Wikipedia und die meisten Artikel in den Cebuano- und Waray-Wikipedias erstellt hatte.","German"
"Letztere sind beide Sprachen der Philippinen.","German"
"Zusätzlich zu den ersten sechs haben zwölf weitere Wikipedias jeweils mehr als eine Million Artikel (Russisch","German"
" 44 weitere haben über 100.000 und 82 weitere haben über 10.000.","German"
