"Text","Language",,
"ಭಾರತ ಅದೊಂದು ದೇಶ","Kannada",,
" ಶ್ರೀಮಂತ ಸಂಸ್ಕೃತಿಯ ಹೆಗ್ಗಳಿಕೆ.","Kannada",,
"ಭಾರತದ ಸಂಸ್ಕೃತಿ ಸೂಚಿಸುತ್ತದೆ","Kannada",,
" ಸಣ್ಣ ವಿಶಿಷ್ಟ ಸಂಸ್ಕೃತಿಗಳ ಸಂಗ್ರಹ.","Kannada",,
" ಭಾರತದ ಸಂಸ್ಕೃತಿ ಒಳಗೊಂಡಿದೆ","Kannada",,
" ಬಟ್ಟೆ","Kannada",,
"ಧರ್ಮಗಳು","Kannada",,
" ಭಾರತದಲ್ಲಿ ಆಹಾರ ಮತ್ತು ಕಲೆ.","Kannada",,
"ಅತ್ಯಂತ ಗಮನಾರ್ಹ","Kannada",,
"ಭಾರತೀಯ ಸಂಸ್ಕೃತಿ ಬಂದಿದೆ","Kannada",,
"ಹಲವಾರು ವಿದೇಶಿಗಳಿಂದ ಪ್ರಭಾವಿತವಾಗಿದೆ","Kannada",,
"ಅದರ ಇತಿಹಾಸದುದ್ದಕ್ಕೂ ಸಂಸ್ಕೃತಿಗಳು.","Kannada",,
" ಅಲ್ಲದೆ","Kannada",,
"ಭಾರತದ ಸಂಸ್ಕೃತಿಯ","Kannada",,
"ಹಲವಾರು ಮಿಲಿ ಆಗಿದೆ","Kannada",,
"ಲೆನಿಯಾ ಹಳೆಯದು.","Kannada",,
"ಮೊದಲನೆಯದಾಗಿ","Kannada",,
"ಭಾರತೀಯ ಮೂಲದ ಧರ್ಮಗಳು ಹಿಂದೂ ಧರ್ಮ","Kannada",,
" ಬೌದ್ಧ","Kannada",,
" ಈ ಎಲ್ಲಾ ಧರ್ಮಗಳು","Kannada",,
"ಕರ್ಮ ಮತ್ತು ಧರ್ಮವನ್ನು ಆಧರಿಸಿವೆ.","Kannada",,
"ಇದಲ್ಲದೆ","Kannada",,
"ಭಾರತೀಯ ಧರ್ಮಗಳು ಎಂದು ಕರೆಯಲಾಗುತ್ತದೆ.","Kannada",,
" ಭಾರತೀಯ ಧರ್ಮಗಳು ಪ್ರಮುಖವಾಗಿವೆ","Kannada",,
" ವಿಶ್ವ ಧರ್ಮಗಳ ವರ್ಗ","Kannada",,
" ಅಬ್ರಹಾಮಿಕ್ ಧರ್ಮಗಳೊಂದಿಗೆ.","Kannada",,
"ಅಲ್ಲದೆ","Kannada",,
"ಭಾರತದಲ್ಲಿಯೂ ಪ್ರಸ್ತುತ.","Kannada",,
"ಈ ವಿದೇಶಿ ಧರ್ಮಗಳು","Kannada",,
"ಅಬ್ರಹಾಮಿಕ್ ಧರ್ಮಗಳು ಸೇರಿವೆ.","Kannada",,
" ಭಾರತದಲ್ಲಿ ಅಬ್ರಹಾಮಿಕ್ ಧರ್ಮಗಳು","Kannada",,
" ಖಂಡಿತವಾಗಿಯೂ ಜುದಾಯಿಸಂ","Kannada",,
" ಕ್ರಿಶ್ಚಿಯನ್ ಧರ್ಮ ಮತ್ತು ಇಸ್ಲಾಂ ಧರ್ಮ.","Kannada",,
" ಅಬ್ರಹಾಮಿಕ್ ಧರ್ಮಗಳ ಜೊತೆಗೆ","Kannada",,
"ಝೋರಾಸ್ಟ್ರಿಯನ್ ಧರ್ಮ ಮತ್ತು ಬಹಾಯಿ ನಂಬಿಕೆ","Kannada",,
"ಇತರ ವಿದೇಶಿ ಧರ್ಮಗಳು","Kannada",,
" ಭಾರತದಲ್ಲಿ ಅಸ್ತಿತ್ವದಲ್ಲಿದೆ.","Kannada",,
" ಪರಿಣಾಮವಾಗಿ","Kannada",,
" ಅನೇಕ ವೈವಿಧ್ಯಮಯ ಧರ್ಮಗಳು ಹುಟ್ಟಿಕೊಂಡಿವೆ","Kannada",,
" ಸಹಿಷ್ಣುತೆಗೆ ಮತ್ತು","Kannada",,
" ಭಾರತೀಯ ಸಂಸ್ಕೃತಿಯಲ್ಲಿ ಜಾತ್ಯತೀತತೆ.","Kannada",,
"ಅವಿಭಕ್ತ ಕುಟುಂಬ ವ್ಯವಸ್ಥೆಯು ದಿ","Kannada",,
" ಭಾರತೀಯ ಸಂಸ್ಕೃತಿಯ ಚಾಲ್ತಿಯಲ್ಲಿರುವ ವ್ಯವಸ್ಥೆ.","Kannada",,
"ಅತ್ಯಂತ ಗಮನಾರ್ಹ","Kannada",,
" ಪೋಷಕರು","Kannada",,
"ಮಕ್ಕಳ ಸಂಗಾತಿಗಳು","Kannada",,
" ಈ ಎಲ್ಲಾ ಕುಟುಂಬ","Kannada",,
"ಸದಸ್ಯರು ಒಟ್ಟಿಗೆ ವಾಸಿಸುತ್ತಾರೆ.","Kannada",,
" ಇದಲ್ಲದೆ","Kannada",,
" ಪುರುಷ ಸದಸ್ಯ ಕುಟುಂಬದ ಮುಖ್ಯಸ್ಥ.","Kannada",,
"ಭಾರತವು ಅದ್ಧೂರಿಯಾಗಿ ಆಚರಿಸುತ್ತದೆ","Kannada",,
" ಹಬ್ಬಗಳ ಸಂಖ್ಯೆ.","Kannada",,
" ಈ ಹಬ್ಬಗಳು ಬಹಳ ವೈವಿಧ್ಯಮಯವಾಗಿವೆ","Kannada",,
" ಬಹು-ಧರ್ಮದ ಕಾರಣದಿಂದಾಗಿ ಮತ್ತು","Kannada",,
" ಬಹು-ಸಾಂಸ್ಕೃತಿಕ ಭಾರತೀಯ ಸಮಾಜ.","Kannada",,
" ಭಾರತೀಯರು ಹಬ್ಬದ ಸಂದರ್ಭಗಳನ್ನು ಬಹಳವಾಗಿ ಗೌರವಿಸುತ್ತಾರೆ.","Kannada",,
"ಎಲ್ಲಕ್ಕಿಂತ ಹೆಚ್ಚಾಗಿ ಇಡೀ ದೇಶ","Kannada",,
"ಆಚರಣೆಗಳಲ್ಲಿ ಸೇರುತ್ತದೆ","Kannada",,
" ವ್ಯತ್ಯಾಸಗಳನ್ನು ಲೆಕ್ಕಿಸದೆ.","Kannada",,
"ಸಾಂಪ್ರದಾಯಿಕ ಭಾರತೀಯ ಆಹಾರ","Kannada",,
" ಸಂಗೀತ","Kannada",,
" ಮತ್ತು ವಾಸ್ತುಶಿಲ್ಪವು ಗಮನಾರ್ಹವಾಗಿ ಬದಲಾಗುತ್ತದೆ","Kannada",,
" ವಿವಿಧ ಪ್ರದೇಶಗಳಲ್ಲಿ.","Kannada",,
" ಈ ಘಟಕಗಳು ಪ್ರಭಾವಿತವಾಗಿವೆ","Kannada",,
" ವಿವಿಧ ಅಂಶಗಳಿಂದ.","Kannada",,
" ಎಲ್ಲಕ್ಕಿಂತ ಹೆಚ್ಚಾಗಿ","Kannada",,
" ಭೌಗೋಳಿಕ","Kannada",,
" ಮತ್ತು ಗ್ರಾಮೀಣ/ನಗರ ಸೆಟ್ಟಿಂಗ್.","Kannada",,
"ಭಾರತೀಯ ಸಂಸ್ಕೃತಿಯು ಎ","Kannada",,
"ಈ ಹಬ್ಬಗಳು ಬಹಳ ವೈವಿಧ್ಯಮಯವಾಗಿವೆ","Kannada",,
" ಬಹು-ಧರ್ಮದ ಕಾರಣದಿಂದಾಗಿ ಮತ್ತು","Kannada",,
" ಬಹು-ಸಾಂಸ್ಕೃತಿಕ ಭಾರತೀಯ ಸಮಾಜ.","Kannada",,
" ಭಾರತೀಯರು ಹಬ್ಬದ ಸಂದರ್ಭಗಳನ್ನು ಬಹಳವಾಗಿ ಗೌರವಿಸುತ್ತಾರೆ.","Kannada",,
"ಎಲ್ಲಕ್ಕಿಂತ ಹೆಚ್ಚಾಗಿ ಇಡೀ ದೇಶ","Kannada",,
"ಆಚರಣೆಗಳಲ್ಲಿ ಸೇರುತ್ತದೆ","Kannada",,
" ವ್ಯತ್ಯಾಸಗಳನ್ನು ಲೆಕ್ಕಿಸದೆ.","Kannada",,
"ಸಾಂಪ್ರದಾಯಿಕ ಭಾರತೀಯ ಆಹಾರ","Kannada",,
" ಸಂಗೀತ","Kannada",,
" ಮತ್ತು ವಾಸ್ತುಶಿಲ್ಪವು ಗಮನಾರ್ಹವಾಗಿ ಬದಲಾಗುತ್ತದೆ","Kannada",,
" ವಿವಿಧ ಪ್ರದೇಶಗಳಲ್ಲಿ.","Kannada",,
" ಈ ಘಟಕಗಳು ಪ್ರಭಾವಿತವಾಗಿವೆ","Kannada",,
" ವಿವಿಧ ಅಂಶಗಳಿಂದ.","Kannada",,
" ಎಲ್ಲಕ್ಕಿಂತ ಹೆಚ್ಚಾಗಿ","Kannada",,
" ಭೌಗೋಳಿಕ","Kannada",,
" ಮತ್ತು ಗ್ರಾಮೀಣ/ನಗರ ಸೆಟ್ಟಿಂಗ್.","Kannada",,
"ಭಾರತೀಯ ಸಂಸ್ಕೃತಿ ಸ್ಫೂರ್ತಿಯಾಗಿದೆ","Kannada",,
" ಅನೇಕ ಬರಹಗಾರರಿಗೆ.","Kannada",,
" ಭಾರತ ಖಂಡಿತವಾಗಿಯೂ ಒಂದು ಸಂಕೇತವಾಗಿದೆ","Kannada",,
"ಪ್ರಪಂಚದಾದ್ಯಂತ ಏಕತೆ.","Kannada",,
" ಭಾರತೀಯ ಸಂಸ್ಕೃತಿ ಖಂಡಿತವಾಗಿಯೂ ಬಹಳ ಸಂಕೀರ್ಣವಾಗಿದೆ.","Kannada",,
" ಇದಲ್ಲದೆ","Kannada",,
"ಭಾರತೀಯ ಗುರುತಿನ ಪರಿಕಲ್ಪನೆ","Kannada",,
" ಕೆಲವು ತೊಂದರೆಗಳನ್ನು ಉಂಟುಮಾಡುತ್ತದೆ.","Kannada",,
" ಆದಾಗ್ಯೂ","Kannada",,
" ಭಾರತೀಯ ಸಂಸ್ಕೃತಿ ಅಸ್ತಿತ್ವದಲ್ಲಿದೆ.","Kannada",,
" ಈ ವಿಶಿಷ್ಟ ಸೃಷ್ಟಿ","Kannada",,
"ಭಾರತೀಯ ಸಂಸ್ಕೃತಿಯು ಕೆಲವರಿಂದ ಉಂಟಾಗುತ್ತದೆ","Kannada",,
"ಆಂತರಿಕ ಶಕ್ತಿಗಳು.","Kannada",,
" ಎಲ್ಲಕ್ಕಿಂತ ಹೆಚ್ಚಾಗಿ","Kannada",,
"ದೃಢವಾದ ಸಂವಿಧಾನ","Kannada",,
"ಸಾರ್ವತ್ರಿಕ ವಯಸ್ಕ ಫ್ರ್ಯಾಂಚೈಸ್","Kannada",,
" ನೀತಿ","Kannada",,
"ಭಾರತದ ಸಂಸ್ಕೃತಿ ಪ್ರತಿಬಿಂಬಿಸುತ್ತದೆ","Kannada",,
" ನಂಬಿಕೆಗಳು","Kannada",,
" ಮತ್ತು ಧಾರ್ಮಿಕ ಒಲವು","Kannada",,
" ಭಾರತದ ಜನರು.","Kannada",,
"ಭಾರತವು ಸಾಂಸ್ಕೃತಿಕವಾಗಿ ವೈವಿಧ್ಯಮಯ ದೇಶವಾಗಿದೆ","Kannada",,
" ಪ್ರತಿ ಪ್ರದೇಶದೊಂದಿಗೆ","Kannada",,
"ತನ್ನದೇ ಆದ ವಿಶಿಷ್ಟ ಸಂಸ್ಕೃತಿ","Kannada",,
"ಭಾರತೀಯ ಸಂಸ್ಕೃತಿ ಸ್ಫೂರ್ತಿಯಾಗಿದೆ","Kannada",,
" ಅನೇಕ ಬರಹಗಾರರಿಗೆ.","Kannada",,
" ಭಾರತ ಖಂಡಿತವಾಗಿಯೂ ಒಂದು ಸಂಕೇತವಾಗಿದೆ","Kannada",,
"ಪ್ರಪಂಚದಾದ್ಯಂತ ಏಕತೆ.","Kannada",,
" ಭಾರತೀಯ ಸಂಸ್ಕೃತಿ ಖಂಡಿತವಾಗಿಯೂ ಬಹಳ ಸಂಕೀರ್ಣವಾಗಿದೆ.","Kannada",,
" ಇದಲ್ಲದೆ","Kannada",,
"ಭಾರತೀಯ ಗುರುತಿನ ಪರಿಕಲ್ಪನೆ","Kannada",,
" ಕೆಲವು ತೊಂದರೆಗಳನ್ನು ಉಂಟುಮಾಡುತ್ತದೆ.","Kannada",,
" ಆದಾಗ್ಯೂ","Kannada",,
" ಭಾರತೀಯ ಸಂಸ್ಕೃತಿ ಅಸ್ತಿತ್ವದಲ್ಲಿದೆ.","Kannada",,
" ಈ ವಿಶಿಷ್ಟ ಸೃಷ್ಟಿ","Kannada",,
"ಭಾರತೀಯ ಸಂಸ್ಕೃತಿ ಕೆಲವರಿಂದ ಉಂಟಾಗುತ್ತದೆ","Kannada",,
"ಆಂತರಿಕ ಶಕ್ತಿಗಳು.","Kannada",,
" ಎಲ್ಲಕ್ಕಿಂತ ಹೆಚ್ಚಾಗಿ","Kannada",,
"ದೃಢವಾದ ಸಂವಿಧಾನ","Kannada",,
"ಸಾರ್ವತ್ರಿಕ ವಯಸ್ಕ ಫ್ರ್ಯಾಂಚೈಸ್","Kannada",,
" ನೀತಿ","Kannada",,
"ಭಾರತದ ಸಂಸ್ಕೃತಿ ಪ್ರತಿಬಿಂಬಿಸುತ್ತದೆ","Kannada",,
" ನಂಬಿಕೆಗಳು","Kannada",,
" ಮತ್ತು ಧಾರ್ಮಿಕ ಒಲವು","Kannada",,
" ಭಾರತದ ಜನರು.","Kannada",,
"ಭಾರತವು ಸಾಂಸ್ಕೃತಿಕವಾಗಿ ವೈವಿಧ್ಯಮಯ ದೇಶವಾಗಿದೆ","Kannada",,
" ಪ್ರತಿ ಪ್ರದೇಶದೊಂದಿಗೆ","Kannada",,
"ತನ್ನದೇ ಆದ ವಿಶಿಷ್ಟ ಸಂಸ್ಕೃತಿ","Kannada",,
"ಅವನ ಕಾಲದ ಶ್ರೇಷ್ಠ ಯೋಧ.","Kannada",,
" ನವೀನ ಮಿಲಿಟರಿ ತಂತ್ರಗಾರ","Kannada",,
"ಮತ್ತು ನುರಿತ ನಿರ್ವಾಹಕರು","Kannada",,
" ಅವನನ್ನು ಪರಾಕ್ರಮಿ ಯೋಧ ಎಂದು ಪರಿಗಣಿಸಲಾಗಿದೆ.","Kannada",,
" ಅವರಲ್ಲಿದ್ದ ಶ್ರೇಷ್ಠ ಗುಣಗಳು","Kannada",,
"ನಾಯಕನಾಗಿ ಮತ್ತು ರಾಜನು ಅವನನ್ನು ನಿರ್ಮಿಸಲು ಸಹಾಯ ಮಾಡಿದನು","Kannada",,
"ಮರಾಠಾ ಸಾಮ್ರಾಜ್ಯವು ಪ್ರಬಲ ಮತ್ತು ಬೃಹತ್ ಶಕ್ತಿಯಾಗಿ.","Kannada",,
"ಶಿವಾಜಿ ಭೋಂಸ್ಲೆ ಜನಿಸಿದರು","Kannada",,
" ಶಹಾಜಿ ಭೋಂಸ್ಲೆಯವರ ರಾಜಮನೆತನ.","Kannada",,
"ಅವರು ಜನಿಸಿದ ನಾಯಕ ಮತ್ತು ಹೋದರು","Kannada",,
"ಸ್ಥಾಪಿಸಲು ಮೇಲೆ","Kannada",,
" ಮರಾಠ ಸಾಮ್ರಾಜ್ಯ ಅದು","Kannada",,
" ಬಲಿಷ್ಠ ಮೊಘಲರನ್ನು ಕೂಡ ಭಯಭೀತಗೊಳಿಸಿದನು.","Kannada",,
"1627 ಫೆಬ್ರವರಿ 16 ರಂದು ಶಿವನೇರಿಯಲ್ಲಿ ಜನಿಸಿದರು.","Kannada",,
"ಶಿವಾಜಿ ಷಾಜಿಯ ಹೆಮ್ಮೆಯ ಮಗ.","Kannada",,
" ಇದು ಶಿವಾಜಿ ಮಹಾರಾಜರ ಪ್ರಬಂಧ","Kannada",,
" ಇಂಗ್ಲಿಷ್ನಲ್ಲಿ ವೈಭವದ ಬಗ್ಗೆ ನಿಮಗೆ ತಿಳಿಸುತ್ತದೆ","Kannada",,
" ಮತ್ತು ಜನರ ರಾಜನ ಶೌರ್ಯ.","Kannada",,
"ಶಿವಾಜಿಯ ತಾಯಿ ಜೀಜಾಬಾಯಿ","Kannada",,
"ವ್ಯಕ್ತಿತ್ವದಲ್ಲಿ ಕೂಡ ತುಂಬಾ ಬಲಶಾಲಿ.","Kannada",,
" ಅವಳು ಪುಣ್ಯವಂತಳು ಮತ್ತು ಕೊಟ್ಟಳು","Kannada",,
"ಸರಿಯಾದ ಶಿಕ್ಷಣ","Kannada",,
" ತನ್ನ ಮಗ ಅವನನ್ನು ನಿರ್ಭೀತರನ್ನಾಗಿ ಮಾಡಲು.","Kannada",,
" ಅವರು ಕೇಳುತ್ತಾ ಬೆಳೆದರು","Kannada",,
" ಶೌರ್ಯ ಮತ್ತು ವೈಭವ","Kannada",,
" ರಾಮಾಯಣ ಮತ್ತು ಮಹಾಭಾರತ.","Kannada",,
"ಅವರು ಬೋಧನೆಗಳನ್ನು ಸಹ ಅನುಸರಿಸಿದರು","Kannada",,
"ಈ ಎರಡು ಮಹಾಕಾವ್ಯಗಳಲ್ಲಿ ಆದರೆ ಕೂಡ ಒಳಗೂಡಿದೆ","Kannada",,
"ಬಲವಾದ ಸ್ಥಿತಿಸ್ಥಾಪಕ ಗುಣಲಕ್ಷಣಗಳು","Kannada",,
"ಆದರ್ಶ ಹಿಂದೂ ಗುಣದ.","Kannada",,
" ಅವನು ಬಾಗಲು ಕಲಿತಿಲ್ಲ","Kannada",,
"ಯಾವುದೇ ಶಕ್ತಿಗೆ ಕೆಳಗೆ.","Kannada",,
"ಇದರಲ್ಲಿ ಶಿವಾಜಿ ಮಹಾರಾಜರ ಪ್ರಬಂಧ","Kannada",,
"ಸಾಧನೆಗಳು ಅನಾವರಣಗೊಳ್ಳುತ್ತವೆ.","Kannada",,
"ಬದುಕಿರುವ ಜನರಿಗಾಗಿ","Kannada",,
" ಮೊಘಲ್ ಸಾಮ್ರಾಜ್ಯದಿಂದ ನಾಶವಾಯಿತು","Kannada",,
" ಛತ್ರಪತಿ ಶಿವಾಜಿ ಮಹಾರಾಜರ ಜನನ","Kannada",,
" ಒಳ್ಳೆಯ ಶಕುನವಾಗಿತ್ತು.","Kannada",,
" ಕಷ್ಟಗಳ ಸಮಯದಲ್ಲಿ","Kannada",,
"ಮೊಘಲರ ಆಳ್ವಿಕೆಯಲ್ಲಿ ಅವರು ಬಂದರು","Kannada",,
"ಕಿರಣ","Kannada",,
"ಅವಳು ಬಾಲ್ಯದಲ್ಲಿ ಅವನಿಗೆ ಕಲಿಸಿದ ಪಾಠ.","Kannada",,
"ಶಿವಾಜಿ ಬೆಳೆಯುತ್ತಿದ್ದಂತೆ","Kannada",,
" ಜೀಜಾಮಾತೆಯ ಬೋಧನೆಗಳು ಹೊಂದಿದ್ದವು","Kannada",,
" ಅವನ ಮನಸ್ಸಿನ ಮೇಲೆ ಆಳವಾದ ಪರಿಣಾಮ.","Kannada",,
"ನಾವು ನೋಡಿದರೆ","Kannada",,
"ಭಾರತದ ಚುನಾವಣೆಯ ಸನ್ನಿವೇಶ","Kannada",,
" ಸಾಕಷ್ಟು ಶಕ್ತಿ ಹೊಂದಿರುವ ಯಾವುದೇ ಯಾದೃಚ್ಛಿಕ ವ್ಯಕ್ತಿ ಮತ್ತು","Kannada",,
"ಹಣದಿಂದ ಚುನಾವಣೆಗೆ ಸ್ಪರ್ಧಿಸಬಹುದು.","Kannada",,
"ಅವರು ಕೇವಲ ನಾಗರಿಕರಾಗಿರಬೇಕು","Kannada",,
" ದೇಶ ಮತ್ತು ಇರು","Kannada",,
"ಕನಿಷ್ಠ 25 ವರ್ಷ.","Kannada",,
" ಕೆಲವು ಇವೆ","Kannada",,
"ಷರತ್ತುಗಳು ತುಂಬಾ ಸುಲಭ.","Kannada",,
"ವಿಚಿತ್ರವೆಂದರೆ ಸ್ಪರ್ಧಿಸುವುದು","Kannada",,
"ಚುನಾವಣೆಗೆ ಅಗತ್ಯವಿಲ್ಲ","Kannada",,
" ಯಾವುದೇ ಕನಿಷ್ಠ ಶಿಕ್ಷಣ ಅರ್ಹತೆ.","Kannada",,
" ಹೀಗೆ ಎಷ್ಟೋ ಜನ ಅವಿದ್ಯಾವಂತರು ಎಂದು ನೋಡುತ್ತೇವೆ","Kannada",,
" ಮತ್ತು ಅರ್ಹರಲ್ಲದ ಅಭ್ಯರ್ಥಿಗಳು","Kannada",,
"ಅಧಿಕಾರಕ್ಕೆ ಬಂದು ಅನಂತರ ಅದನ್ನು ದುರ್ಬಳಕೆ ಮಾಡಿಕೊಳ್ಳುತ್ತಾರೆ.","Kannada",,
" ಅಶಿಕ್ಷಿತ ಮಂತ್ರಿಗಳಿರುವ ದೇಶ","Kannada",,
" ಅಭಿವೃದ್ಧಿ ಹೊಂದಲು ಅಥವಾ ಸರಿಯಾದ ಮಾರ್ಗದಲ್ಲಿ ಇರಲು ಸಾಧ್ಯವಿಲ್ಲ.","Kannada",,
"ಸರ್ಕಾರದಲ್ಲಿ ನಮಗೆ ವಿದ್ಯಾವಂತ ಮಂತ್ರಿಗಳು ಬೇಕು.","Kannada",,
"ಮಾಡಬಲ್ಲವರು ಅವರೇ","Kannada",,
"ಅವರು ನಿಭಾಯಿಸುವ ರೀತಿಯಲ್ಲಿ ದೇಶದ ಪ್ರಗತಿ","Kannada",,
" ಅನಕ್ಷರಸ್ಥರಿಗಿಂತ ಉತ್ತಮವಾದವುಗಳು.","Kannada",,
" ಅಭ್ಯರ್ಥಿಗಳು ಉತ್ತಮ ಅರ್ಹತೆ ಹೊಂದಿರಬೇಕು","Kannada",,
"ದೊಡ್ಡ ಜವಾಬ್ದಾರಿಯನ್ನು ತೆಗೆದುಕೊಳ್ಳುವ ಸಲುವಾಗಿ","Kannada",,
" ಇಡೀ ರಾಷ್ಟ್ರವನ್ನು ನಡೆಸುತ್ತಿರುವಂತೆ.","Kannada",,
"ಸಂಕ್ಷಿಪ್ತವಾಗಿ","Kannada",,
"ಭ್ರಷ್ಟ ಮತ್ತು ಅವಿದ್ಯಾವಂತ ರಾಜಕಾರಣಿಗಳು","Kannada",,
"ಪರಾವಲಂಬಿಗಳು ತಿನ್ನುವುದಕ್ಕಿಂತ ಕಡಿಮೆಯಿಲ್ಲ","Kannada",,
" ಅಭಿವೃದ್ಧಿ ಬೆಳವಣಿಗೆ ದೂರ","Kannada",,
"ದೇಶ ಮತ್ತು ಅದರ ಸಂಪನ್ಮೂಲಗಳು.","Kannada",,
" ಒಡೆಯಲು ನಾವೆಲ್ಲರೂ ಒಂದಾಗಬೇಕು","Kannada",,
" ಚಕ್ರ ಮತ್ತು ಕೆಲಸ","Kannada",,
" ನಮ್ಮ ದೇಶದ ಸಮೃದ್ಧ ಭವಿಷ್ಯ.","Kannada",,
"ಪತ್ರಿಕೆಯ ಪ್ರಸಾರ ಪ್ರಾರಂಭವಾಯಿತು","Kannada",,
"17 ನೇ ಶತಮಾನ. ವಿವಿಧ ದೇಶಗಳು","Kannada",,
" ಪ್ರಾರಂಭಿಸಲು ವಿಭಿನ್ನ ಟೈಮ್‌ಲೈನ್‌ಗಳನ್ನು ಹೊಂದಿರಿ","Kannada",,
" ಪತ್ರಿಕೆಗಳ ಪ್ರಕಟಣೆ. 1665 ರಲ್ಲಿ","Kannada",,
"1 ನೇ ನೈಜ ಪತ್ರಿಕೆಯನ್ನು ಇಂಗ್ಲೆಂಡ್‌ನಲ್ಲಿ ಮುದ್ರಿಸಲಾಯಿತು.","Kannada",,
" ಮೊದಲ ಅಮೇರಿಕನ್ ಪತ್ರಿಕೆ","Kannada",,
"ವಿದೇಶಿ ಮತ್ತು ದೇಶೀಯ ಎರಡೂ ಸಾರ್ವಜನಿಕ ಘಟನೆಗಳು ಎಂದು ಹೆಸರಿಸಲಾಗಿದೆ","Kannada",,
" 1690 ರಲ್ಲಿ ಮುದ್ರಿಸಲಾಯಿತು. ಹಾಗೆಯೇ","Kannada",,
"ಇದು ಎಲ್ಲಾ 1702 ರಿಂದ ಪ್ರಾರಂಭವಾಗುತ್ತದೆ ಮತ್ತು ಕೆನಡಾದಲ್ಲಿ","Kannada",,
"ವರ್ಷ 1752 ಮೊದಲ ಪತ್ರಿಕೆ ಹೆಸರಿಸಲಾಯಿತು","Kannada",,
" ಹ್ಯಾಲಿಫ್ಯಾಕ್ಸ್ ಗೆಜೆಟ್ ತನ್ನ ಪ್ರಕಟಣೆಯನ್ನು ಪ್ರಾರಂಭಿಸಿತು.","Kannada",,
"19 ನೇ ಶತಮಾನದ ಕೊನೆಯಲ್ಲಿ","Kannada",,
" ತುಂಬಾ ಸಾಮಾನ್ಯವಾಯಿತು ಮತ್ತು","Kannada",,
" ಕಾರಣ ಅಗ್ಗವಾಗಿ ದೊರೆಯುತ್ತಿದ್ದವು","Kannada",,
" ಅವುಗಳ ಮೇಲಿನ ಮುದ್ರಾಂಕ ಶುಲ್ಕ ರದ್ದು. ಆದರೆ","Kannada",,
" 20 ನೇ ಶತಮಾನದ ಆರಂಭದಲ್ಲಿ","Kannada",,
" ಮುದ್ರಣದ ಹಳೆಯ ಕಾರ್ಮಿಕ ವಿಧಾನವನ್ನು ಬದಲಿಸಲು ಪ್ರಾರಂಭಿಸಿತು.","Kannada",,
"ಪತ್ರಿಕೆಯು ಅತ್ಯಂತ ಶಕ್ತಿಶಾಲಿ ಮಾಧ್ಯಮವಾಗಿದೆ","Kannada",,
"ಜನರ ನಡುವೆ ಮಾಹಿತಿಯನ್ನು ಹರಡುವುದು.","Kannada",,
"ಉದ್ಯೋಗದಂತಹ ಉದ್ಯೋಗ ಸಂಬಂಧಿತ ಮಾಹಿತಿ","Kannada",,
" ಖಾಲಿ ಹುದ್ದೆಗಳು ಮತ್ತು ವಿವಿಧ ಸ್ಪರ್ಧಾತ್ಮಕ ಸಂಬಂಧಗಳು","Kannada",,
"ಮಾಹಿತಿ ಕೂಡ","Kannada",,
" ಪತ್ರಿಕೆಯಲ್ಲಿ ಪ್ರಕಟವಾಗಿದೆ.","Kannada",,
"ಹವಾಮಾನ ಮುನ್ಸೂಚನೆ","Kannada",,
"ವ್ಯಾಪಾರ ಸಂಬಂಧಿತ ಸುದ್ದಿ","Kannada",,
" ಆರ್ಥಿಕ","Kannada",,
" ಕ್ರೀಡೆ ಮತ್ತು ಮನರಂಜನೆಗೆ ಸಂಬಂಧಿಸಿದ ಎಲ್ಲಾ","Kannada",,
" ಮಾಹಿತಿಯನ್ನು ಪತ್ರಿಕೆಯಲ್ಲಿ ಪ್ರಕಟಿಸಲಾಗಿದೆ.","Kannada",,
"ಪತ್ರಿಕೆಯೇ ಆದರ್ಶ","Kannada",,
" ಹೆಚ್ಚುತ್ತಿರುವ ಮೂಲ","Kannada",,
"ಪ್ರಚಲಿತ ವಿದ್ಯಮಾನ. ಹೆಚ್ಚಿನ ಮನೆಗಳಲ್ಲಿ","Kannada",,
"ಪ್ರಸ್ತುತ ಸಮಾಜ","Kannada",,
" ಓದುವ ಪತ್ರಿಕೆ.","Kannada",,
"ಡಿಜಿಟಲೀಕರಣದ ಈ ಯುಗದಲ್ಲಿ","Kannada",,
" ಹೇರಳವಾದ ಡೇಟಾ","Kannada",,
"ಅಂತರ್ಜಾಲದಲ್ಲಿ ಲಭ್ಯವಿದೆ.","Kannada",,
"ಹೆಚ್ಚಿನ ಸುದ್ದಿ","Kannada",,
" ನಿಭಾಯಿಸಲು ಚಾನೆಲ್ ಮತ್ತು ಪತ್ರಿಕೆ ಪ್ರಕಾಶನ ಸಂಸ್ಥೆಗಳು","Kannada",,
" ಪ್ರವೃತ್ತಿಯೊಂದಿಗೆ","Kannada",,
" ಡಿಜಿಟಲೀಕರಣವನ್ನು ತೆರೆಯಲಾಗಿದೆ","Kannada",,
"ಅವರ ಸ್ವಂತ ವೆಬ್‌ಸೈಟ್ ಮತ್ತು ಮೊಬೈಲ್ ಅಪ್ಲಿಕೇಶನ್.","Kannada",,
" ಮಾಹಿತಿಯು ಸಾಮಾಜಿಕವಾಗಿ ತಕ್ಷಣವೇ ಹರಡುತ್ತದೆ","Kannada",,
"ಮಾಧ್ಯಮ ಮತ್ತು ವೆಬ್‌ಸೈಟ್‌ಗಳು.","Kannada",,
"ಈ ಪ್ರಸ್ತುತ ಸನ್ನಿವೇಶದಲ್ಲಿ","Kannada",,
" ಅಲ್ಲಿ ಮಾಹಿತಿ","Kannada",,
"ಅಂತರ್ಜಾಲದಲ್ಲಿ ನೈಜ ಸಮಯದಲ್ಲಿ ಬಹುತೇಕ ಲಭ್ಯವಿದೆ","Kannada",,
" ಪತ್ರಿಕೆ ಅದರ ಮೂಲ ರೂಪದಲ್ಲಿ ಕಾಣುತ್ತದೆ","Kannada",,
"ಒಂದು ಚಿಕಿತ್ಸೆ ಎದುರಿಸಲು","Kannada",,
"ಅಸ್ತಿತ್ವ ಆದಾಗ್ಯೂ","Kannada",,
" ಇನ್ನೂ ವಾರದ ಪತ್ರಿಕೆಗಳು","Kannada",,
" ಇದರಲ್ಲಿ ಅದರ ಪ್ರಾಮುಖ್ಯತೆಯನ್ನು ಹಿಡಿದುಕೊಳ್ಳಿ","Kannada",,
" ಡಿಜಿಟಲ್ ಯುಗ.","Kannada",,
" ಪತ್ರಿಕೆಯನ್ನು ಇನ್ನೂ ಪರಿಗಣಿಸಲಾಗುತ್ತದೆ","Kannada",,
"ಯಾವುದೇ ಮಾಹಿತಿಯ ಅಧಿಕೃತ ಮೂಲವಾಗಿ.","Kannada",,
"ಬಹುತೇಕ ಪತ್ರಿಕೆಗಳಲ್ಲಿ ವಿಶೇಷತೆಯೂ ಇದೆ","Kannada",,
" ಯುವ ಮತ್ತು ಶಾಲಾ ವಿದ್ಯಾರ್ಥಿಗಳಿಗೆ ವಿಭಾಗ","Kannada",,
" ತಮ್ಮ ಪ್ರತಿಭೆಯನ್ನು ವ್ಯಕ್ತಪಡಿಸಲು ಮತ್ತು ತೋರಿಸಲು.","Kannada",,
"ರಸಪ್ರಶ್ನೆಯಲ್ಲಿ ಹಲವಾರು ಲೇಖನಗಳು","Kannada",,
" ಸಣ್ಣ ಕಥೆ","Kannada",,
"ಇದು ಪತ್ರಿಕೆ ಮಾಡುತ್ತದೆ","Kannada",,
" ಆಸಕ್ತಿದಾಯಕ ಲೇಖನಗಳು","Kannada",,
"ಶಾಲಾ ವಿದ್ಯಾರ್ಥಿಗಳ ನಡುವೆ.","Kannada",,
"ಇದು ಒಳಗೊಳ್ಳಲು ಸಹ ಸಹಾಯ ಮಾಡುತ್ತದೆ","Kannada",,
"ಓದುವ ಅಭ್ಯಾಸ","Kannada",,
"ಚಿಕ್ಕ ವಯಸ್ಸಿನಿಂದಲೂ ಪತ್ರಿಕೆ.","Kannada",,
"ಪತ್ರಿಕೆಗಳು ಉತ್ತಮ ಮೂಲವಾಗಿದೆ","Kannada",,
" ಎಂಬ ಮಾಹಿತಿ","Kannada",,
"ಮನೆಯಲ್ಲಿ ಲಭ್ಯವಿರಬಹುದು.","Kannada",,
" ಪ್ರತಿಯೊಬ್ಬರೂ ಮತ್ತು ಎಲ್ಲರೂ","Kannada",,
" ಹೀರಿಕೊಳ್ಳುವುದನ್ನು ಖಚಿತಪಡಿಸಿಕೊಳ್ಳಬೇಕು","Kannada",,
" ಓದುವ ಅಭ್ಯಾಸ","Kannada",,
" ಅವರ ಜೀವನದಲ್ಲಿ ಪತ್ರಿಕೆಗಳು.","Kannada",,
" ಇಂದಿನ ಡಿಜಿಟಲ್ ಜಗತ್ತಿನಲ್ಲಿ","Kannada",,
"ಮಾಹಿತಿಯ ಆನ್‌ಲೈನ್ ಮೂಲ","Kannada",,
"ಸುಲಭವಾಗಿ ಲಭ್ಯವಿದೆ ಆದರೆ","Kannada",,
" ವಿಶ್ವಾಸಾರ್ಹತೆ ಮತ್ತು ವಿಶ್ವಾಸಾರ್ಹತೆ","Kannada",,
" ಅಂತಹ ಮಾಹಿತಿಗಳೆಂದರೆ","Kannada",,
" ಗೊತ್ತಿಲ್ಲ. ಅದು ಪತ್ರಿಕೆ","Kannada",,
" ಒದಗಿಸುವುದನ್ನು ಖಚಿತಪಡಿಸುತ್ತದೆ","Kannada",,
" ನಮಗೆ ನಿಖರ ಮತ್ತು ಪರಿಶೀಲಿಸಲಾಗಿದೆ","Kannada",,
" ಮಾಹಿತಿ. ಪತ್ರಿಕೆಗಳು ಶಾಶ್ವತ","Kannada",,
" ಏಕೆಂದರೆ ಅವರು ಇದ್ದಾರೆ","Kannada",,
" ಜನರ ನಂಬಿಕೆಯನ್ನು ಗಳಿಸಲು ಸಾಧ್ಯವಾಗುತ್ತದೆ","Kannada",,
" ಅದರ ಮೌಲ್ಯೀಕರಿಸಿದ ಮಾಹಿತಿಯೊಂದಿಗೆ. ಸಾಮಾಜಿಕವಾಗಿ","Kannada",,
"ಪತ್ರಿಕೆಯು ಪ್ರಮುಖ ಪಾತ್ರವನ್ನು ವಹಿಸುತ್ತದೆ","Kannada",,
" ಪಾಲನೆ ಮತ್ತು ನಿರ್ವಹಣೆ","Kannada",,
" ನೈತಿಕತೆ ಮತ್ತು ಸಾಮರಸ್ಯ","Kannada",,
" ಹೆಚ್ಚಿನ ಮಟ್ಟಿಗೆ ಸಮಾಜ.","Kannada",,
"ಅತ್ಯಂತ ಪ್ರಸಿದ್ಧವಾದವುಗಳಲ್ಲಿ ಒಂದಾಗಿದೆ","Kannada",,
"ಮತ್ತು ಭಾರತದ ಗೌರವಾನ್ವಿತ ಕೈಗಾರಿಕೋದ್ಯಮಿಗಳು","Kannada",,
" ರತನ್ ನೇವಲ್ ಟಾಟಾ ಅಧ್ಯಕ್ಷರಾಗಿದ್ದಾರೆ","Kannada",,
"ಟಾಟಾ ಸನ್ಸ್ ಮತ್ತು ಟಾಟಾ ಗ್ರೂಪ್. 73 ನೇ ವಯಸ್ಸಿನಲ್ಲಿ","Kannada",,
" ಟಾಟಾ ದೇಶದ ಅತಿ ದೊಡ್ಡ ಸಂಸ್ಥೆಗಳಲ್ಲಿ ಒಂದಾಗಿದೆ","Kannada",,
" ಸುಮಾರು 100 ಅನ್ನು ಒಳಗೊಂಡಿರುವ ಸಂಘಟಿತ ಸಂಸ್ಥೆಗಳು","Kannada",,
" ಒಟ್ಟು ಆದಾಯ ಹೊಂದಿರುವ ಸಂಸ್ಥೆಗಳು","Kannada",,
" USD 67 ಬಿಲಿಯನ್. ಅವರೇ ಅಧ್ಯಕ್ಷರೂ ಆಗಿದ್ದಾರೆ","Kannada",,
" ಪ್ರಮುಖ ಟಾಟಾ ಕಂಪನಿಗಳಾದ ಟಾಟಾ ಸ್ಟೀಲ್","Kannada",,
" ಟಾಟಾ ಮೋಟಾರ್ಸ್","Kannada",,
"ಟಾಟಾ ಕನ್ಸಲ್ಟೆನ್ಸಿ ಸೇವೆಗಳು","Kannada",,
" ಟಾಟಾ ಕೆಮಿಕಲ್ಸ್","Kannada",,
"ಇಂಡಿಯನ್ ಹೋಟೆಲ್ಸ್ ಕಂಪನಿ.","Kannada",,
"ಟಾಟಾ ಅವರು ಡಿಸೆಂಬರ್ 28","Kannada",,
" ಮುಂಬೈ","Kannada",,
" ಅವರ ಮುತ್ತಜ್ಜ ಜೇಮ್ಸೆಡ್ಜಿ ಟಾಟಾ","Kannada",,
" ಟಾಟಾ ಸಮೂಹದ ಸ್ಥಾಪಕರು. ಚಿಕ್ಕ ಹುಡುಗನಾಗಿ","Kannada",,
" ಟಾಟಾ ಗೊಂದಲಕ್ಕೊಳಗಾದರು","Kannada",,
"ಅವನ ಹೆತ್ತವರು ಬೇರ್ಪಟ್ಟ ನಂತರ ಬಾಲ್ಯ.","Kannada",,
" ಅವನು ತನ್ನ ಅಜ್ಜಿಯಿಂದ ಬೆಳೆದನು","Kannada",,
"ಲೇಡಿ","Kannada",,
"ಟಾಟಾ ಪ್ಯಾಲೇಸ್‌ನಲ್ಲಿ ಐಷಾರಾಮಿ ಮಡಿಲಲ್ಲಿ ನವಜಬಾಯಿ.","Kannada",,
" ಅಮೇರಿಕಾ ವಿಶೇಷ ಆಕರ್ಷಣೆಯನ್ನು ಹೊಂದಿತ್ತು","Kannada",,
"ಟಾಟಾ ವಂಶಸ್ಥರು ಮತ್ತು ಅವರು ಕಾರ್ನೆಲ್ ವಿಶ್ವವಿದ್ಯಾಲಯಕ್ಕೆ ಹೋದರು","Kannada",,
" ಆರ್ಕಿಟೆಕ್ಚರ್ ಮತ್ತು ಸ್ಟ್ರಕ್ಚರಲ್ ಇಂಜಿನಿಯರಿಂಗ್ ಅನ್ನು ಅಧ್ಯಯನ ಮಾಡಲು.","Kannada",,
" ನಂತರ ಅವರು ನಿರ್ವಹಣೆಯನ್ನು ಅನುಸರಿಸಿದರು","Kannada",,
"ಹಾರ್ವರ್ಡ್ ವಿಶ್ವವಿದ್ಯಾಲಯದಿಂದ ಕೋರ್ಸ್.","Kannada",,
"ನಂತರ ಟಾಟಾ ಆಗಲು ದಾರಿ ಮಾಡಿಕೊಟ್ಟರು","Kannada",,
"ಟಾಟಾ ಇಂಡಸ್ಟ್ರೀಸ್ ಅಧ್ಯಕ್ಷ","Kannada",,
" ಮತ್ತು ಬರಮಾಡಿಕೊಳ್ಳುವಲ್ಲಿ ಸಹಕಾರಿಯಾಗಿತ್ತು","Kannada",,
"ಸುಧಾರಣೆಗಳ ವ್ಯಾಪಕ ಶ್ರೇಣಿಯಲ್ಲಿ.","Kannada",,
"ಅದು ಅವರ ಉಸ್ತುವಾರಿಯಲ್ಲಿತ್ತು","Kannada",,
" ಟಾಟಾ ಕನ್ಸಲ್ಟೆನ್ಸಿ ಸರ್ವಿಸಸ್ ಸಾರ್ವಜನಿಕವಾಯಿತು","Kannada",,
"ಮತ್ತು ಟಾಟಾ ಮೋಟಾರ್ಸ್ ಅನ್ನು ಪಟ್ಟಿ ಮಾಡಲಾಗಿದೆ","Kannada",,
" ನ್ಯೂಯಾರ್ಕ್ ಸ್ಟಾಕ್ ಎಕ್ಸ್ಚೇಂಜ್ ನೀಡುತ್ತಿದೆ","Kannada",,
"ಇದು ಹೆಚ್ಚು ಅಂತರಾಷ್ಟ್ರೀಯ ಶಕ್ತಿ ಮತ್ತು ಮನ್ನಣೆ.","Kannada",,
" ಮುನ್ನಡೆಸಿದ ಕೀರ್ತಿ ಅವರಿಗೆ ಸಲ್ಲುತ್ತದೆ","Kannada",,
" ಕೋರಸ್‌ಗಾಗಿ ಟಾಟಾಗಳ ಯಶಸ್ವಿ ಬಿಡ್","Kannada",,
" ಆಂಗ್ಲೋ-ಡಚ್ ಸ್ಟೀಲ್ ಮತ್ತು ಅಲ್ಯೂಮಿನಿಯಂ ಉತ್ಪಾದಕ","Kannada",,
"ಹಾಗೆಯೇ ಜಾಗ್ವಾರ್ ಮತ್ತು ಲ್ಯಾಂಡ್ ರೋವರ್","Kannada",,
"ಫೋರ್ಡ್ ಕಂಪನಿಯ ಬ್ರ್ಯಾಂಡ್‌ಗಳು.","Kannada",,
"ಅವರ ಅವಧಿಯಲ್ಲಿ ಕಂಪನಿ","Kannada",,
"ಭಾರತದ ಉಡಾವಣೆಗೆ ಸಾಕ್ಷಿಯಾಯಿತು","Kannada",,
" ಮೊದಲ ನಿಜವಾದ ಭಾರತೀಯ ಕಾರು","Kannada",,
" ಈ ಕಾರು ಟಾಟಾ ಅವರ ಕಲ್ಪನೆಯ ಕೂಸು.","Kannada",,
" 2000 ರಲ್ಲಿ ಟಾಟಾದ ಆಹಾರ ವಿಭಾಗವನ್ನು ಸ್ವಾಧೀನಪಡಿಸಿಕೊಂಡಿತು","Kannada",,
"70 ಮಿಲಿಯನ್ GBP ಗೆ ಚಹಾ ಸಂಸ್ಥೆ Tetley.","Kannada",,
"2009-10ರಲ್ಲಿ ಗುಂಪಿನ ಆದಾಯ","Kannada",,
" ಸುಮಾರು 12 ಪಟ್ಟು ಬೆಳೆದಿದೆ","Kannada",,
"ಒಟ್ಟು USD 67.4 ಬಿಲಿಯನ್.","Kannada",,
" ಟಾಟಾ ಸಹ ಸೇವೆ ಸಲ್ಲಿಸುತ್ತದೆ","Kannada",,
" ಫಿಯೆಟ್ SpA ಮತ್ತು Alcoa ಮಂಡಳಿಗಳು ಮತ್ತು","Kannada",,
" ಅಂತರಾಷ್ಟ್ರೀಯ ಮಟ್ಟದಲ್ಲಿಯೂ ಇದೆ","Kannada",,
" ಮಿತ್ಸುಬಿಷಿ ಕಾರ್ಪೊರೇಷನ್ ಮಂಡಳಿಗಳು","Kannada",,
" ಅಮೇರಿಕನ್ ಇಂಟರ್ನ್ಯಾಷನಲ್ ಗ್ರೂಪ್","Kannada",,
" ಜೆಪಿ ಮೋರ್ಗಾನ್ ಚೇಸ್","Kannada",,
" ಟೆಮಾಸೆಕ್ ಹೋಲ್ಡಿಂಗ್ಸ್ ಮತ್ತು ಮಾನಿಟರಿ","Kannada",,
" ಸಿಂಗಾಪುರದ ಪ್ರಾಧಿಕಾರ.","Kannada",,
"2000 ರಲ್ಲಿ","Kannada",,
" ಪದ್ಮಭೂಷಣ ಅವರಿಂದ","Kannada",,
" ಭಾರತ ಸರ್ಕಾರ.","Kannada",,
" ಅವರಿಗೆ ಪ್ರಶಸ್ತಿಯನ್ನೂ ನೀಡಲಾಯಿತು","Kannada",,
"ಗೌರವ ಡಾಕ್ಟರೇಟ್","Kannada",,
" ವ್ಯಾಪಾರ ಆಡಳಿತದಲ್ಲಿ","Kannada",,
"ಓಹಿಯೋ ಸ್ಟೇಟ್ ಯೂನಿವರ್ಸಿಟಿಯಿಂದ","Kannada",,
"ನಲ್ಲಿ ಗೌರವ ಡಾಕ್ಟರೇಟ್","Kannada",,
"ಏಷ್ಯನ್ ಇನ್ಸ್ಟಿಟ್ಯೂಟ್ನಿಂದ ತಂತ್ರಜ್ಞಾನ","Kannada",,
" ತಂತ್ರಜ್ಞಾನ","Kannada",,
"ಮತ್ತು ಗೌರವ ಡಾಕ್ಟರೇಟ್","Kannada",,
"ವಾರ್ವಿಕ್ ವಿಶ್ವವಿದ್ಯಾಲಯದಿಂದ ವಿಜ್ಞಾನ.","Kannada",,
"ಟಾಟಾಗೆ ವೈಯಕ್ತಿಕವಿದೆ","Kannada",,
" GBP 300 ಮಿಲಿಯನ್ ಅದೃಷ್ಟ","Kannada",,
"ಮತ್ತು 1% ಕ್ಕಿಂತ ಕಡಿಮೆ ಮಾಲೀಕತ್ವವನ್ನು ಹೊಂದಿದೆ","Kannada",,
"ಬೃಹತ್ ಗುಂಪು.","Kannada",,
"ಟಾಟಾ ಸಮೂಹದ ಮೂರನೇ ಎರಡರಷ್ಟು","Kannada",,
"ದತ್ತಿ ಒಡೆತನದಲ್ಲಿದೆ","Kannada",,
"ಒಳ್ಳೆಯ ಕಾರಣಗಳಿಗೆ ಹಣಕಾಸು ಒದಗಿಸುವ ನಂಬಿಕೆ.","Kannada",,
"ಟಾಟಾ ಪರಿಪೂರ್ಣತೆಯನ್ನು ಹೊಂದಿಸಿದೆ","Kannada",,
" ಉದಾರತೆಯ ಉದಾಹರಣೆ ಮತ್ತು","Kannada",,
" 26/11 ದಾಳಿಯ ಸಮಯದಲ್ಲಿ ನಾಯಕತ್ವ.","Kannada",,
" ನಿರಾಯುಧನಾದ ಅವನು ಹೊರಗೆ ಏಕಾಂಗಿಯಾಗಿ ನಿಂತಿದ್ದನು","Kannada",,
"ತಾಜ್ ಹೋಟೆಲ್ ಮತ್ತು ಚಟುವಟಿಕೆಗಳ ಮೇಲ್ವಿಚಾರಣೆ","Kannada",,
" ಸಂತ್ರಸ್ತರಿಗೆ ಸಹಾಯ ಮಾಡಲು. ಅವನು ತನ್ನನ್ನು ಪ್ರದರ್ಶಿಸಿದನು","Kannada",,
" ವೈಯಕ್ತಿಕವಾಗಿ ಭೇಟಿ ನೀಡುವ ಮೂಲಕ ಮಾನವೀಯ ಸೂಚಕ","Kannada",,
" ಎಲ್ಲಾ 80 ಉದ್ಯೋಗಿಗಳ ಕುಟುಂಬಗಳು","Kannada",,
" ಕೊಲ್ಲಲ್ಪಟ್ಟರು ಅಥವಾ ಗಾಯಗೊಂಡರು. ಅವರು ಯಾವುದೇ ಕಲ್ಲನ್ನು ಬಿಡಲಿಲ್ಲ","Kannada",,
" ಸಂತ್ರಸ್ತರಿಗೆ ಪರಿಹಾರ ಒದಗಿಸಲು ಮತ್ತು ಕೇಳಿದರು","Kannada",,
" ಕುಟುಂಬಗಳು ಮತ್ತು ಅವಲಂಬಿತರು","Kannada",,
"ಅವರು ಏನು ಮಾಡಬೇಕೆಂದು ಅವರು ಬಯಸಿದ್ದರು.","Kannada",,
"ಅವರ ನಿವೃತ್ತಿಗೆ ಇನ್ನೂ ಒಂದು ವರ್ಷ ಬಾಕಿ ಇರಬಹುದು.","Kannada",,
" ಆದರೆ ಟಾಟಾ ಚಾಲ್ಕಿಂಗ್ ಆರಂಭಿಸಿದೆ","Kannada",,
"ಅವರ ನಿವೃತ್ತಿಯ ನಂತರದ ಯೋಜನೆಗಳನ್ನು ಹೊರತಂದರು.","Kannada",,
" ಅವರು ವಿನ್ಯಾಸವನ್ನು ಸ್ಥಾಪಿಸಲು ಯೋಜಿಸಿದ್ದಾರೆ","Kannada",,
" ಅಂತರಾಷ್ಟ್ರೀಯ ಮಾನದಂಡಗಳು ಮತ್ತು ಪ್ರಮಾಣದ ಕೇಂದ್ರ.","Kannada",,
"ಅವರು ಅನೇಕರ ಅಭಿವೃದ್ಧಿಗೆ ಕಾರಣರಾದರು","Kannada",,
"ನವೀನ ವಿನ್ಯಾಸಗಳು ಮತ್ತು ಉತ್ಪನ್ನಗಳು","Kannada",,
" ಅತ್ಯಂತ ಪ್ರಸಿದ್ಧವಾದದ್ದು ನ್ಯಾನೋ.","Kannada",,
"ನ್ಯಾನೋ ಕಲ್ಪನೆ ಹುಟ್ಟಿದ್ದು ಅವನ ಜೊತೆ","Kannada",,
" ಪರಮಾಣು ಸುರಕ್ಷತೆಯ ಬಗ್ಗೆ ಕಾಳಜಿ","Kannada",,
" ದ್ವಿಚಕ್ರ ವಾಹನಗಳಲ್ಲಿ ಸಂಚರಿಸುವ ಕುಟುಂಬಗಳು.","Kannada",,
" ಎಂದು ಸಲಹೆ ನೀಡಿದವರು ಅವರೇ","Kannada",,
" ಮಿನಿಯೇಚರ್ ಕಾರನ್ನು ಅಳವಡಿಸಬೇಕು","Kannada",,
"ಕೇವಲ ಒಂದು ವಿಂಡ್‌ಸ್ಕ್ರೀನ್ ವೈಪರ್‌ನೊಂದಿಗೆ.","Kannada",,
"ಇದು ಅದರ ಬೆಲೆಯನ್ನು ಕಡಿಮೆ ಮಾಡಿತು","Kannada",,
" ಮತ್ತು ನಿರ್ವಹಣೆ ವೆಚ್ಚ.","Kannada",,
"ಇಂಗ್ಲಿಷ್ ವ್ಯಾಕರಣವನ್ನು ಕಲಿಸುವುದು ಸಹಾಯ ಮಾಡುತ್ತದೆ","Kannada",,
" ಪಡೆಯಲು ವಿದ್ಯಾರ್ಥಿಗಳು","Kannada",,
"ಕೇಳುವ ಕೌಶಲ್ಯ","Kannada",,
" ಮಾತನಾಡುವುದು","Kannada",,
" ಮತ್ತು ಬರವಣಿಗೆ.","Kannada",,
"ವ್ಯಾಕರಣದ ಅರಿವಿಲ್ಲದೆ","Kannada",,
"ವಿದ್ಯಾರ್ಥಿಗಳು ಮಾತನಾಡಲು ಸಾಧ್ಯವಿಲ್ಲ","Kannada",,
" ಅಥವಾ ಇಂಗ್ಲಿಷ್ ಅನ್ನು ಸರಿಯಾಗಿ ಬರೆಯಿರಿ.","Kannada",,
" ವ್ಯಾಕರಣವು ಪ್ರಮುಖ ಪಾತ್ರವನ್ನು ವಹಿಸುತ್ತದೆ","Kannada",,
"ಯಾವುದೇ ಭಾಷೆಯನ್ನು ಕಲಿಸುವುದು ಮತ್ತು ಕಲಿಯುವುದು.","Kannada",,
" ಇದರ ಮಹತ್ವವನ್ನು ಸರ್ಕಾರ ಅರಿತುಕೊಂಡಿದೆ","Kannada",,
" ಪ್ರಮುಖ ಭಾಗವಾಗಿ ವ್ಯಾಕರಣ","Kannada",,
" ಭಾಷಾ ಶಿಕ್ಷಣದ.","Kannada",,
" ವ್ಯಾಕರಣ ಮಾರ್ಪಟ್ಟಿದೆ","Kannada",,
"ಒಂದು ಪ್ರಮುಖ ಭಾಗ","Kannada",,
"ಶಾಲೆಯ ಇಂಗ್ಲಿಷ್ ಪಠ್ಯಕ್ರಮ","Kannada",,
" ಪ್ರಾಥಮಿಕದಿಂದ ಉನ್ನತ ಶಿಕ್ಷಣದವರೆಗೆ.","Kannada",,
" ವ್ಯಾಕರಣವು ಆಧಾರವಾಗಿದೆ","Kannada",,
"ಇಂಗ್ಲೀಷ್ ಭಾಷೆ","Kannada",,
" ಮತ್ತು ಇದು ಮೂಲಭೂತವಾಗಿದೆ","Kannada",,
"ಬೋಧನೆಯ ಭಾಗ ಮತ್ತು","Kannada",,
" ಇಂಗ್ಲಿಷ್ ವ್ಯಾಕರಣವನ್ನು ಕಲಿಯುವುದು","Kannada",,
" ಭೂತಾನ್ ತರಗತಿಯಲ್ಲಿ.","Kannada",,
"ಶಾಲೆಯ ಇಂಗ್ಲಿಷ್ ಪಠ್ಯಕ್ರಮವು ವಿಭಜಿಸುತ್ತದೆ","Kannada",,
" ಇಂಗ್ಲಿಷ್ ನಾಲ್ಕು ಪ್ರಮುಖ ಕೌಶಲ್ಯಗಳಾಗಿ:","Kannada",,
"ಮಾತನಾಡುವುದು ಮತ್ತು ಕೇಳುವುದು","Kannada",,
" ಓದುವಿಕೆ ಮತ್ತು ಸಾಹಿತ್ಯ ಮತ್ತು ಭಾಷೆ","Kannada",,
"ಪೂರ್ವ ಪ್ರಾಥಮಿಕದಿಂದ ತರಗತಿಯವರೆಗೆ","Kannada",,
"ಕೆಸರುಗಳು ಭೂಮಿಯ ಮೇಲ್ಮೈಯಲ್ಲಿ ನೆಲೆಗೊಂಡಾಗ ಮತ್ತು ನಂತರ ಸಂಚಿತ","Kannada",,
" ಶಿಲೆಯಾಗಿ ಶಿಥಿಲಗೊಂಡಾಗ ನಿಕ್ಷೇಪವು ಸಂಭವಿಸಬಹುದು","Kannada",,
" ಅಥವಾ ಜ್ವಾಲಾಮುಖಿ ವಸ್ತುವಾಗಿ ಜ್ವಾಲಾಮುಖಿ ಬೂದಿ ","Kannada",,
"ಅಥವಾ ಲಾವಾ ಹರಿಯುವಾಗ","Kannada",,
"ಸ್ನಾನದ ಕಲ್ಲುಗಳು","Kannada",,
" ಸಿಲ್‌ಗಳಂತಹ ಅಗ್ನಿಯ ಒಳನುಗ್ಗುವಿಕೆಗಳು","Kannada",,
" ಮೇಲಿರುವ ಬಂಡೆಗೆ ಮೇಲಕ್ಕೆ ತಳ್ಳಿರಿ","Kannada",,
" ಮತ್ತು ಅವರು ಒಳನುಗ್ಗಿದಾಗ ಸ್ಫಟಿಕೀಕರಣಗೊಳ್ಳುತ್ತವೆ.","Kannada",,
"ಬಂಡೆಗಳ ಆರಂಭಿಕ ಅನುಕ್ರಮವನ್ನು ಠೇವಣಿ ಮಾಡಿದ ನಂತರ","Kannada",,
" ಶಿಲಾ ಘಟಕಗಳನ್ನು ವಿರೂಪಗೊಳಿಸಬಹುದು ಮತ್ತು/ಅಥವಾ ರೂಪಾಂತರಗೊಳಿಸಬಹುದು.","Kannada",,
"ವಿರೂಪತೆಯು ಸಾಮಾನ್ಯವಾಗಿ ಸಮತಲವಾದ ಸಂಕ್ಷಿಪ್ತಗೊಳಿಸುವಿಕೆ","Kannada",,
"ಈ ರಚನಾತ್ಮಕ ಆಡಳಿತಗಳು ವಿಶಾಲವಾಗಿ ಒಮ್ಮುಖ ಗಡಿಗಳು","Kannada",,
" ಮತ್ತು ಟೆಕ್ಟೋನಿಕ್ ಪ್ಲೇಟ್‌ಗಳ ನಡುವೆ ಕ್ರಮವಾಗಿ ಗಡಿಗಳನ್ನು ಪರಿವರ್ತಿಸಿ.","Kannada",,
"ಭೂಮಿಯು ಸೌರ ನೀಹಾರಿಕೆಯಿಂದ 4.54","Kannada",,
" ಶತಕೋಟಿ ವರ್ಷಗಳ ಹಿಂದೆ ರೂಪುಗೊಂಡಿದೆ ಎಂದು ಅಂದಾಜಿಸಲಾಗಿದೆ","Kannada",,
" ಸೂರ್ಯ ಮತ್ತು ಇತರ ಗ್ರಹಗಳ ಜೊತೆಗೆ.","Kannada",,
"[12] ಸರಿಸುಮಾರು 20 ಮಿಲಿಯನ್ ವರ್ಷಗಳ ನಂತರ ಚಂದ್ರ ರೂಪುಗೊಂಡಿತು.","Kannada",,
"ಆರಂಭದಲ್ಲಿ ಕರಗಿದ","Kannada",,
"ಅನಿಲ ಹೊರಸೂಸುವಿಕೆ ಮತ್ತು ಜ್ವಾಲಾಮುಖಿ ಚಟುವಟಿಕೆಯು ","Kannada",,
"ಆದಿಸ್ವರೂಪದ ವಾತಾವರಣವನ್ನು ನಿರ್ಮಿಸಿತು.","Kannada",,
"ಘನೀಕರಿಸುವ ನೀರಿನ ಆವಿ","Kannada",,
"ಬಂದ ಮಂಜುಗಡ್ಡೆಯಿಂದ ಬಂದವು","Kannada",,
"ಇತರ ನೀರಿನ ಮೂಲಗಳನ್ನು ಉತ್ಪಾದಿಸುತ್ತವೆ.","Kannada",,
"[13] ಹೆಚ್ಚು ಶಕ್ತಿಯುತವಾದ ರಸಾಯನಶಾಸ್ತ್ರವು ಸುಮಾರು 4","Kannada",,
" ಬಿಲಿಯನ್ ವರ್ಷಗಳ ಹಿಂದೆ ಸ್ವಯಂ-ಪ್ರತಿಕೃತಿಯ ಅಣುವನ್ನು ","Kannada",,
"ಉತ್ಪಾದಿಸಿದೆ ಎಂದು ನಂಬಲಾಗಿದೆ.","Kannada",,
"[14] ಖಂಡಗಳು ರೂಪುಗೊಂಡವು","Kannada",,
"ಯು ನೂರಾರು ಮಿಲಿಯನ್ ವರ್ಷಗಳಲ್ಲಿ ಮರುರೂಪಿಸಲ್ಪಟ್ಟಂತೆ ಮುರಿದು ಮತ್ತು ಸುಧಾರಿಸಿತು","Kannada",,
" ಸಾಂದರ್ಭಿಕವಾಗಿ ಒಂದು ಸೂಪರ್ ಕಾಂಟಿನೆಂಟ್ ಮಾಡಲು ಸಂಯೋಜಿಸುತ್ತದೆ.","Kannada",,
"ಸರಿಸುಮಾರು 750 ಮಿಲಿಯನ್ ವರ್ಷಗಳ ಹಿಂದೆ","Kannada",,
" ಸೂಪರ್‌ಕಾಂಟಿನೆಂಟ್ ರೊಡಿನಿಯಾ","Kannada",,
"ಸುಮಾರು 540 ಮಿಲಿಯನ್ ವರ್ಷಗಳ ಹಿಂದೆ ಬೇರ್ಪಟ್ಟ ","Kannada",,
"ಪನ್ನೋಟಿಯಾವನ್ನು ರೂಪಿಸಲು ಖಂಡಗಳು ನಂತರ ಮರುಸಂಯೋಜಿತವಾದವು","Kannada",,
" ನಂತರ ಅಂತಿಮವಾಗಿ ಸುಮಾರು 180 ಮಿಲಿಯನ್ ವರ್ಷಗಳ ","Kannada",,
"ಹಿಂದೆ ಬೇರ್ಪಟ್ಟ ಪಂಗಿಯಾ.","Kannada",,
"[16] ನಿಯೋಪ್ರೊಟೆರೋಜೋಯಿಕ್ ಯುಗದಲ್ಲಿ","Kannada",,
" ಹಿಮನದಿಗಳು ಮತ್ತು ಮಂಜುಗಡ್ಡೆಗಳಲ್ಲಿ ಆವರಿಸಿದೆ.","Kannada",,
"ಈ ಊಹೆಯನ್ನು ""ಸ್ನೋಬಾಲ್ ಅರ್ಥ್"" ಎಂದು ಕರೆಯಲಾಗುತ್ತದೆ","Kannada",,
" ಮತ್ತು ಇದು ಬಹುಕೋಶದಲ್ಲಿ ಕ್ಯಾಂಬ್ರಿಯನ್ ಸ್ಫೋಟಕ್ಕೆ","Kannada",,
" ಮುಂಚಿತವಾಗಿರುವುದರಿಂದ ಇದು ನಿರ್ದಿಷ್ಟ ಆಸಕ್ತಿಯನ್ನು ಹೊಂದಿದೆ","Kannada",,
"[31][32] ಸಾಗರಗಳು ಮೇಲ್ಮೈ ನೀರಿನ 97%","Kannada",,
"ಮಂಜುಗಡ್ಡೆಗಳು 2.4% ಮತ್ತು ಇತರ ಭೂ ಮೇಲ್ಮೈ ನೀರನ್ನು ನದಿಗಳು","Kannada",,
"ಸರೋವರಗಳು ಮತ್ತು ಕೊಳಗಳು 0.6% ಹೊಂದಿವೆ.","Kannada",,
"ಹೆಚ್ಚುವರಿಯಾಗಿ","Kannada",,
"ದೇಹಗಳು ಮತ್ತು ತಯಾರಿಸಿದ ಉತ್ಪನ್ನಗಳಲ್ಲಿ ಒಳಗೊಂಡಿರುತ್ತದೆ.","Kannada",,
"ಸಾಗರವು ಲವಣಯುಕ್ತ ನೀರಿನ ಪ್ರಮುಖ ದೇಹವಾಗಿದೆ ಮತ್ತು ","Kannada",,
"ಜಲಗೋಳದ ಪ್ರಮುಖ ಅಂಶವಾಗಿದೆ.","Kannada",,
"ಭೂಮಿಯ ಮೇಲ್ಮೈಯ ಸರಿಸುಮಾರು 71% (ಸುಮಾರು 361 ಮಿಲಿಯನ್","Kannada",,
" ಚದರ ಕಿಲೋಮೀಟರ್ ಪ್ರದೇಶ) ಸಾಗರದಿಂದ ಆವೃತವಾಗಿದೆ","Kannada",,
"ಈ ಪ್ರದೇಶದ ಅರ್ಧಕ್ಕಿಂತ ಹೆಚ್ಚು 3","Kannada",,
"ಸರಾಸರಿ ಸಾಗರದ ಲವಣಾಂಶವು ಪ್ರತಿ ಸಾವಿರಕ್ಕೆ ಸುಮಾರು 35 ಭಾಗಗಳು (ppt) (3.5%)","Kannada",,
"ಮತ್ತು ಬಹುತೇಕ ಎಲ್ಲಾ ಸಮುದ್ರದ ನೀರು 30 ರಿಂದ 38 ppt ವ್ಯಾಪ್ತಿಯಲ್ಲಿ ","Kannada",,
"ಲವಣಾಂಶವನ್ನು ಹೊಂದಿರುತ್ತದೆ.","Kannada",,
"ಸಾಮಾನ್ಯವಾಗಿ ಹಲವಾರು 'ಪ್ರತ್ಯೇಕ' ಸಾಗರಗಳೆಂದು ಗುರುತಿಸಲ್ಪಟ್ಟಿದ್ದರೂ","Kannada",,
"ಈ ನೀರುಗಳು ಒಂದು ಜಾಗತಿಕವನ್ನು ಒಳಗೊಂಡಿವೆ","Kannada",,
" ಉಪ್ಪು ನೀರಿನ ಅಂತರ್ಸಂಪರ್ಕಿತ ದೇಹವನ್ನು ಸಾಮಾನ್ಯವಾಗಿ ವಿಶ್ವ ","Kannada",,
"ಸಾಗರ ಅಥವಾ ಜಾಗತಿಕ ಸಾಗರ ಎಂದು ಕರೆಯಲಾಗುತ್ತದೆ.","Kannada",,
"[33][34] ಜಾಗತಿಕ ಸಾಗರದ ಈ ಪರಿಕಲ್ಪನೆಯು ನಿರಂತರ ಜಲರಾಶಿಯಾಗಿ","Kannada",,
" ಅದರ ಭಾಗಗಳ ನಡುವೆ ತುಲನಾತ್ಮಕವಾಗಿ ಮುಕ್ತ ವಿನಿಮಯದೊಂದಿಗೆ ","Kannada",,
"ಸಮುದ್ರಶಾಸ್ತ್ರಕ್ಕೆ ಮೂಲಭೂತ ಪ್ರಾಮುಖ್ಯತೆಯನ್ನು ಹೊಂದಿದೆ.","Kannada",,
"[35] ಪ್ರಮುಖ ಸಾಗರ ವಿಭಾಗಗಳನ್ನು ಖಂಡಗಳಿಂದ ಭಾಗಶಃ ವ್ಯಾಖ್ಯಾನಿಸಲಾಗಿದೆ","Kannada",,
"ವಿವಿಧ ದ್ವೀಪಸಮೂಹಗಳು","Kannada",,
"ಈ ವಿಭಾಗಗಳು (ಗಾತ್ರದ ಅವರೋಹಣ ಕ್ರಮದಲ್ಲಿ) ಪೆಸಿಫಿಕ್ ಸಾಗರ","Kannada",,
" ಅಟ್ಲಾಂಟಿಕ್ ಮಹಾಸಾಗರ","Kannada",,
" ದಕ್ಷಿಣ ಮಹಾಸಾಗರ ಮತ್ತು ಆರ್ಕ್ಟಿಕ್ ಮಹಾಸಾಗರ.","Kannada",,
"ಸಾಗರಗಳ ಸಣ್ಣ ಪ್ರದೇಶಗಳನ್ನು ಸಮುದ್ರಗಳು","Kannada",,
" ಕೊಲ್ಲಿಗಳು ಮತ್ತು ಇತರ ಹೆಸರುಗಳು ಎಂದು ಕರೆಯಲಾಗುತ್ತದೆ.","Kannada",,
"ಉಪ್ಪು ಸರೋವರಗಳು ಸಹ ಇವೆ","Kannada",,
"ಅಂತರ್ಸಂಪರ್ಕಿಸದ ಭೂಕುಸಿತ ಉಪ್ಪುನೀರಿನ ಸಣ್ಣ ದೇಹಗಳಾಗಿವೆ.","Kannada",,
"ಉಪ್ಪು ಸರೋವರಗಳ ಎರಡು ಗಮನಾರ್ಹ ","Kannada",,
"ಉದಾಹರಣೆಗಳೆಂದರೆ ಅರಲ್ ಸಮುದ್ರ ಮತ್ತು ಗ್ರೇಟ್ ಸಾಲ್ಟ್ ಲೇಕ್.","Kannada",,
"ಸರೋವರವು (ಲ್ಯಾಟಿನ್ ಪದ ಲ್ಯಾಕಸ್‌ನಿಂದ) ","Kannada",,
"ಭೂಪ್ರದೇಶದ ಲಕ್ಷಣವಾಗಿದೆ (ಅಥವಾ ಭೌತಿಕ ಲಕ್ಷಣ)","Kannada",,
" ಪ್ರಪಂಚದ ಮೇಲ್ಮೈಯಲ್ಲಿರುವ ದ್ರವದ ದೇಹವು","Kannada",,
" ಜಲಾನಯನದ ಕೆಳಭಾಗಕ್ಕೆ ಸ್ಥಳೀಕರಿಸಲ್ಪಟ್ಟಿದೆ","Kannada",,
" (ಮತ್ತೊಂದು ರೀತಿಯ ಭೂರೂಪ ಅಥವಾ ಭೂಪ್ರದೇಶದ ವೈಶಿಷ್ಟ್ಯ","Kannada",,
"ಅಂದರೆ","Kannada",,
"ಭೂಮಿಯ ಮೇಲೆ","Kannada",,
"ಸರೋವರವೆಂದು ಪರಿಗಣಿಸಲಾಗುತ್ತದೆ.","Kannada",,
"ಇತರ ಸರೋವರಗಳು ಎಂಡೋರ್ಹೆಕ್ ಜಲಾನಯನ ಪ್ರದೇಶಗಳಲ್ಲಿ ","Kannada",,
"ಅಥವಾ ಪ್ರಬುದ್ಧ ನದಿಗಳ ಹಾದಿಯಲ್ಲಿ ಕಂಡುಬರುತ್ತವೆ.","Kannada",,
"ಪ್ರಪಂಚದ ಕೆಲವು ಭಾಗಗಳಲ್ಲಿ","Kannada",,
"ಉಳಿದಿರುವ ಅಸ್ತವ್ಯಸ್ತವಾಗಿರುವ ಒಳಚರಂಡಿ ಮಾದರಿಗಳಿಂದಾಗಿ ಅನೇಕ ಸರೋವರಗಳಿವೆ.","Kannada",,
"ಎಲ್ಲಾ ಸರೋವರಗಳು ಭೌಗೋಳಿಕ ಸಮಯದ ಮಾಪಕಗಳ ಮೇಲೆ ","Kannada",,
"ತಾತ್ಕಾಲಿಕವಾಗಿರುತ್ತವೆ","Kannada",,
" ತುಂಬುತ್ತವೆ ಅಥವಾ ಅವುಗಳನ್ನು ಹೊಂದಿರುವ ಜಲಾನಯನ ಪ್ರದೇಶದಿಂದ ಚೆಲ್ಲುತ್ತವೆ.","Kannada",,
"ಕೊಳವು ನಿಂತಿರುವ ನೀರಿನ ದೇಹವಾಗಿದೆ","Kannada",,
"ಅಥವಾ ಮಾನವ ನಿರ್ಮಿತವಾಗಿದೆ","Kannada",,
"ಸರೋವರಕ್ಕಿಂತ ಚಿಕ್ಕದಾಗಿದೆ.","Kannada",,
"ವಿವಿಧ ರೀತಿಯ ಮಾನವ ನಿರ್ಮಿತ ಜಲರಾಶಿಗಳನ್ನು ಕೊಳಗಳು ಎಂದು ವರ್ಗೀಕರಿಸಲಾಗಿದೆ","Kannada",,
"ಸೌಂದರ್ಯದ ಅಲಂಕಾರಕ್ಕಾಗಿ ವಿನ್ಯಾಸಗೊಳಿಸಲಾದ ನೀರಿನ","Kannada",,
" ಉದ್ಯಾನಗಳು","Kannada",,
" ಮತ್ತು ಸೌರ ಕೊಳಗಳನ್ನು ಉಷ್ಣ ಶಕ್ತಿಯನ್ನು ಸಂಗ್ರಹಿಸಲು ವಿನ್ಯಾಸಗೊಳಿಸಲಾಗಿದೆ.","Kannada",,
"ಪ್ರಸ್ತುತ ವೇಗದ ಮೂಲಕ ಕೊಳಗಳು ಮತ್ತು ಸರೋವರಗಳನ್ನು","Kannada",,
" ಹೊಳೆಗಳಿಂದ ಪ್ರತ್ಯೇಕಿಸಲಾಗಿದೆ.","Kannada",,
"ಹೊಳೆಗಳಲ್ಲಿನ ಪ್ರವಾಹಗಳನ್ನು ಸುಲಭವಾಗಿ ಗಮನಿಸಿದರೆ","Kannada",,
"ಕೊಳಗಳು ಮತ್ತು ಸರೋವರಗಳು ಉಷ್ಣದಿಂದ ಚಾಲಿತ ಸೂಕ್ಷ್ಮ ","Kannada",,
"ಪ್ರವಾಹಗಳು ಮತ್ತು ಮಧ್ಯಮ ಗಾಳಿ ಚಾಲಿತ ಪ್ರವಾಹಗಳನ್ನು ಹೊಂದಿವೆ.","Kannada",,
"ಉದಾಹರಣೆಗೆ ಸ್ಟ್ರೀಮ್ ಪೂಲ್‌ಗಳು ಮತ್ತು ಟೈಡ್ ಪೂಲ್‌ಗಳು.","Kannada",,
"ನದಿಯು ನೈಸರ್ಗಿಕ ಜಲಮೂಲವಾಗಿದೆ","Kannada",,
" ಸಾಗರ","Kannada",,
"ಕೆಲವು ಸಂದರ್ಭಗಳಲ್ಲಿ","Kannada",,
"ಅಥವಾ ಇನ್ನೊಂದು ನೀರಿನ ದೇಹವನ್ನು ತಲುಪುವ ಮೊದಲು ಸಂಪೂರ್ಣವಾಗಿ ಒಣಗುತ್ತದೆ.","Kannada",,
"ಸಣ್ಣ ನದಿಗಳನ್ನು ಹಲವಾರು ಇತರ ಹೆಸರುಗಳಿಂದ ಕರೆಯಬಹುದು","Kannada",,
"ನದಿ ಎಂದು ಕರೆಯಬಹುದಾದ ಯಾವುದೇ ಸಾಮಾನ್ಯ ನಿಯಮವಿಲ್ಲ.","Kannada",,
"ಸಣ್ಣ ನದಿಗಳಿಗೆ ಅನೇಕ ಹೆಸರುಗಳು ಭೌಗೋಳಿಕ ಸ್ಥಳಕ್ಕೆ ನಿರ್ದಿಷ್ಟವಾಗಿವೆ","Kannada",,
"ಒಂದು ಉದಾಹರಣೆ ಸ್ಕಾಟ್ಲೆಂಡ್ ಮತ್ತು ಈಶಾನ್ಯ ಇಂಗ್ಲೆಂಡ್ನಲ್ಲಿ ಬರ್ನ್ ಆಗಿದೆ.","Kannada",,
"ಕೆಲವೊಮ್ಮೆ ನದಿಯು ತೊರೆಗಿಂತ ದೊಡ್ಡದಾಗಿದೆ ಎಂದು ಹೇಳಲಾಗುತ್ತದೆ.","Kannada",,
"ಆದರೆ ಭಾಷೆಯಲ್ಲಿನ ಅಸ್ಪಷ್ಟತೆಯಿಂದಾಗಿ ಇದು ಯಾವಾಗಲೂ ಅಲ್ಲ.","Kannada",,
"[39] ನದಿಯು ಜಲವಿಜ್ಞಾನದ ಚಕ್ರದ ಭಾಗವಾಗಿದೆ.","Kannada",,
" ಅಂತರ್ಜಲ ಮರುಪೂರಣ","Kannada",,
" ಮತ್ತು ಸ್ನೋಪ್ಯಾಕ್‌ಗಳಲ್ಲಿ (ಅಂದರೆ","Kannada",,
"ಸಂಗ್ರಹವಾಗಿರುವ ನೀರನ್ನು ಬಿಡುಗಡೆ ಮಾಡುವುದು.","Kannada",,
"ಸ್ಟ್ರೀಮ್ ಎನ್ನುವುದು ಪ್ರವಾಹದೊಂದಿಗೆ ಹರಿಯುವ ","Kannada",,
"ನೀರಿನ ದೇಹವಾಗಿದ್ದು","Kannada",,
"ಅಮೇರಿಕಾ ಸಂಯುಕ್ತ ಸಂಸ್ತಾನದಲ್ಲಿ","Kannada",,
"ಕೆಲವು ಪ್ರಕೃತಿ ಬರಹಗಾರರು ಅರಣ್ಯ ಪ್ರದೇಶಗಳು","Kannada",,
" ಮಾನವನ ಚೈತನ್ಯ ಮತ್ತು ಸೃಜನಶೀಲತೆಗೆ ಪ್ರಮುಖವೆಂದು ನಂಬುತ್ತಾರೆ","Kannada",,
"[46] ಮತ್ತು ಕೆಲವು ಪರಿಸರಶಾಸ್ತ್ರಜ್ಞರು ಅರಣ್ಯ ಪ್ರದೇಶಗಳನ್ನು ","Kannada",,
"ಅವರು ಐತಿಹಾಸಿಕ ಆನುವಂಶಿಕ ಲಕ್ಷಣಗಳನ್ನು ಸಂರಕ್ಷಿಸಬಹುದು ","Kannada",,
"ಮತ್ತು ಅವುಗಳಿಗೆ ಆವಾಸಸ್ಥಾನವನ್ನು ಒದಗಿಸುತ್ತವೆ","Kannada",,
" ಪ್ರಾಣಿಸಂಗ್ರಹಾಲಯಗಳು","Kannada",,
"ಜೀವನದ ವ್ಯಾಖ್ಯಾನದ ಬಗ್ಗೆ ಯಾವುದೇ ಸಾರ್ವತ್ರಿಕ ಒಪ್ಪಂದವಿಲ್ಲದಿದ್ದರೂ","Kannada",,
"[47] ಜೀವನವು ಕೇವಲ ಜೀವಿಗಳ ವಿಶಿಷ್ಟ ಸ್ಥಿತಿ ಎಂದು ಹೇಳಬಹುದು.","Kannada",,
"ಭೂಮಿಯ ಜೀವಿಗಳಿಗೆ ಸಾಮಾನ್ಯವಾದ ಗುಣಲಕ್ಷಣಗಳು","Kannada",,
"ಆರ್ಕಿಯಾ ಮತ್ತು ಬ್ಯಾಕ್ಟೀರಿಯಾ) ಇವು ಸೆಲ್ಯುಲಾರ್","Kannada",,
"ಕಾರ್ಬನ್ ಮತ್ತು ಜಲ-ಆಧಾರಿತ ಸಂಕೀರ್ಣ ಸಂಘಟನೆಯೊಂದಿಗೆ","Kannada",,
" ಚಯಾಪಚಯವನ್ನು ಹೊಂದಿರುವ","Kannada",,
"ಪ್ರಚೋದಕಗಳಿಗೆ ಪ್ರತಿಕ್ರಿಯಿಸುವ ಮತ್ತು ಸಂತಾನೋತ್ಪತ್ತಿ ಮಾಡುವ ಸಾಮರ್ಥ್ಯ.","Kannada",,
"ಆದಾಗ್ಯೂ","Kannada",,
"ಮಾನವ-ನಿರ್ಮಿತ ಜೀವನದ ಸಾದೃಶ್ಯಗಳನ್ನು ಸಹ ಜೀವನ ಎಂದು ಪರಿಗಣಿಸಬಹುದು.","Kannada",,
"ಜೀವಗೋಳವು ಭೂಮಿಯ ಹೊರ ಕವಚದ ಭಾಗವಾಗಿದೆ - ಭೂಮಿ ಸೇರಿದಂತೆ","Kannada",,
"ಮೇಲ್ಮೈ ಬಂಡೆಗಳು","Kannada",,
"ವಿಶಾಲವಾದ ಜಿಯೋಫಿಸಿಯೋಲಾಜಿಕಲ್ ದೃಷ್ಟಿಕೋನದಿಂದ","Kannada",,
" ಜೀವಗೋಳವು ಎಲ್ಲಾ ಜೀವಿಗಳು ಮತ್ತು ಅವುಗಳ ಸಂಬಂಧಗಳನ್ನು","Kannada",,
" ಸಂಯೋಜಿಸುವ ಜಾಗತಿಕ ಪರಿಸರ ವ್ಯವಸ್ಥೆಯಾಗಿದೆ","Kannada",,
"ಲಿಥೋಸ್ಫಿಯರ್ (ಬಂಡೆಗಳು)","Kannada",,
"ವಾತಾವರಣ (ಗಾಳಿ) ಯ ಅಂಶಗಳೊಂದಿಗೆ ಅವರ ಪರಸ್ಪರ ಕ್ರಿಯೆಯನ್ನು ಒಳಗೊಂಡಂತೆ.","Kannada",,
"ಇಡೀ ಭೂಮಿಯು 75 ಶತಕೋಟಿ ಟನ್‌ಗಳಿಗಿಂತ ಹೆಚ್ಚು (150 ಟ್ರಿಲಿಯನ್ ","Kannada",,
"ಪೌಂಡ್‌ಗಳು ಅಥವಾ ಸುಮಾರು 6.8Ã—1013 ಕಿಲೋಗ್ರಾಂಗಳಷ್ಟು) ಜೀವರಾಶಿಯನ್ನು (ಜೀವನ) ಹೊಂದಿದೆ","Kannada",,
" ಇದು ಜೀವಗೋಳದೊಳಗೆ ವಿವಿಧ ಪರಿಸರಗಳಲ್ಲಿ ವಾಸಿಸುತ್ತದೆ.","Kannada",,
"[48] ​​ಭೂಮಿಯ ಮೇಲಿನ ಒಟ್ಟು ಜೀವರಾಶಿಯ ಒಂಬತ್ತು-ಹತ್ತನೇ ಭಾಗದಷ್ಟು ಸಸ್ಯ ಜೀವನ","Kannada",,
" ಯಾವ ಪ್ರಾಣಿಗಳ ಜೀವನವು ಅದರ ಅಸ್ತಿತ್ವಕ್ಕೆ ಹೆಚ್ಚು ಅವಲಂಬಿತವಾಗಿದೆ.","Kannada",,
"[49] ಮೊ","Kannada",,
"ಭೂಮಿಯ ಮೇಲೆ ಜೀವದ ಮೊದಲ ರೂಪವು ಸೂಕ್ಷ್ಮಜೀವಿಗಳು","Kannada",,
" ಮತ್ತು ಸುಮಾರು ಒಂದು ಶತಕೋಟಿ ವರ್ಷಗಳ ಹಿಂದೆ ಬಹು-","Kannada",,
"ಕೋಶೀಯ ಜೀವಿಗಳು ಕಾಣಿಸಿಕೊಳ್ಳಲು ಪ್ರಾರಂಭಿಸುವವರೆಗೂ ","Kannada",,
"ಅವು ಜೀವನದ ಏಕೈಕ ರೂಪವಾಗಿ ಉಳಿದಿವೆ.","Kannada",,
"[67] ಸೂಕ್ಷ್ಮಜೀವಿಗಳು ಏಕಕೋಶೀಯ ಜೀವಿಗಳಾಗಿದ್ದು","Kannada",,
" ಸಾಮಾನ್ಯವಾಗಿ ಸೂಕ್ಷ್ಮದರ್ಶಕವಾಗಿದ್ದು","Kannada",,
"ಅವುಗಳಲ್ಲಿ ಬ್ಯಾಕ್ಟೀರಿಯಾ","Kannada",,
"ಈ ಜೀವ ರೂಪಗಳು ಭೂಮಿಯ ಮೇಲೆ ದ್ರವ ನೀರು ಇರುವ ಪ್ರತಿಯೊಂದು ಸ್ಥಳದಲ್ಲೂ ಕಂಡುಬರುತ್ತವೆ.","Kannada",,
" ಭೂಮಿಯ ಒಳಭಾಗವನ್ನು ಒಳಗೊಂಡಂತೆ.","Kannada",,
"ಅವುಗಳ ಸಂತಾನೋತ್ಪತ್ತಿ ತ್ವರಿತ ಮತ್ತು ಸಮೃದ್ಧವಾಗಿದೆ.""","Kannada",,
"ಹೆಚ್ಚಿನ ರೂಪಾಂತರ ದರ ಮತ್ತು ಸಮತಲ ಜೀನ್ ವರ್ಗಾವಣೆ[69]","Kannada",,
" ಸಾಮರ್ಥ್ಯದ ಸಂಯೋಜನೆಯು ಅವುಗಳನ್ನು ಹೆಚ್ಚು ಹೊಂದಿಕೊಳ್ಳುವಂತೆ ಮಾಡುತ್ತದೆ","Kannada",,
" ಮತ್ತು ಬಾಹ್ಯಾಕಾಶ ಸೇರಿದಂತೆ ಹೊಸ ಪರಿಸರದಲ್ಲಿ ಬದುಕಲು ಸಾಧ್ಯವಾಗುತ್ತದೆ.","Kannada",,
"[70] ಅವು ಗ್ರಹಗಳ ಪರಿಸರ ವ್ಯವಸ್ಥೆಯ ಅಗತ್ಯ ಭಾಗವಾಗಿದೆ.","Kannada",,
"ಆದಾಗ್ಯೂ","Kannada",,
"ಇತರ ಜೀವಿಗಳಿಗೆ ಆರೋಗ್ಯದ ಅಪಾಯವನ್ನು ಉಂಟುಮಾಡಬಹುದು.","Kannada",,
"ಮೂಲತಃ ಅರಿಸ್ಟಾಟಲ್ ಎಲ್ಲಾ ಜೀವಿಗಳನ್ನು ಸಸ್ಯಗಳ ನಡುವೆ ವಿಂಗಡಿಸಿದರು","Kannada",,
" ಇದು ಸಾಮಾನ್ಯವಾಗಿ ಮನುಷ್ಯರು ಮತ್ತು ಪ್ರಾಣಿಗಳು ","Kannada",,
"ಗಮನಿಸುವಷ್ಟು ವೇಗವಾಗಿ ಚಲಿಸುವುದಿಲ್ಲ.","Kannada",,
"ಲಿನ್ನಿಯಸ್ ವ್ಯವಸ್ಥೆಯಲ್ಲಿ","Kannada",,
"ಮತ್ತು ಅನಿಮಾಲಿಯಾ ಸಾಮ್ರಾಜ್ಯಗಳಾಗಿ ಮಾರ್ಪಟ್ಟವು.","Kannada",,
"ಅಂದಿನಿಂದ","Kannada",,
" ಸಂಬಂಧವಿಲ್ಲದ ಗುಂಪುಗಳನ್ನು ಒಳಗೊಂಡಿದೆ ಎಂಬುದು ಸ್ಪಷ್ಟವಾಗಿದೆ","Kannada",,
"ಮತ್ತು ಶಿಲೀಂಧ್ರಗಳು ಮತ್ತು ಪಾಚಿಗಳ ಹಲವಾರು ಗುಂಪುಗಳನ್ನು ","Kannada",,
"ಹೊಸ ಸಾಮ್ರಾಜ್ಯಗಳಿಗೆ ತೆಗೆದುಹಾಕಲಾಯಿತು.","Kannada",,
"ಆದಾಗ್ಯೂ","Kannada",,
"ಬ್ಯಾಕ್ಟೀರಿಯಾದ ಜೀವನವನ್ನು ಕೆಲವೊಮ್ಮೆ ಸಸ್ಯವರ್ಗದಲ್ಲಿ ಸೇರಿಸಲಾಗುತ್ತದೆ","Kannada",,
"[71][72] ಮತ್ತು ಕೆಲವು ವರ್ಗೀಕರಣಗಳು ಬ್ಯಾಕ್ಟೀರಿಯಲ್","Kannada",,
" ಫ್ಲೋರಾ ಎಂಬ ಪದವನ್ನು ಸಸ್ಯ ಸಸ್ಯಗಳಿಂದ ಪ್ರತ್ಯೇಕವಾಗಿ ಬಳಸುತ್ತವೆ.","Kannada",,
"ಸಸ್ಯಗಳನ್ನು ವರ್ಗೀಕರಿಸುವ ಹಲವು ವಿಧಾನಗಳಲ್ಲಿ ಪ್ರಾದೇಶಿಕ ","Kannada",,
"ಸಸ್ಯವರ್ಗದ ಮೂಲಕ","Kannada",,
" ಪಳೆಯುಳಿಕೆ ಸಸ್ಯವರ್ಗ","Kannada",,
" ಅವಶೇಷಗಳನ್ನು ಸಹ ಒಳಗೊಂಡಿರಬಹುದು.","Kannada",,
"ಅನೇಕ ಪ್ರದೇಶಗಳು ಮತ್ತು ದೇಶಗಳಲ್ಲಿನ ಜನರು ತಮ್ಮ ವಿಶಿಷ್ಟ ","Kannada",,
"ಸಸ್ಯವರ್ಗದ ವೈಯಕ್ತಿಕ ಶ್ರೇಣಿಗಳಲ್ಲಿ ಬಹಳ ಹೆಮ್ಮೆಪಡುತ್ತಾರೆ","Kannada",,
" ಇದು ಹವಾಮಾನ ಮತ್ತು ಭೂಪ್ರದೇಶದಲ್ಲಿನ ವ್ಯತ್ಯಾಸಗಳಿಂದಾಗಿ","Kannada",,
" ಪ್ರಪಂಚದಾದ್ಯಂತ ವ್ಯಾಪಕವಾಗಿ ಬದಲಾಗಬಹುದು.","Kannada",,
"ಪ್ರಾದೇಶಿಕ ಸಸ್ಯಗಳನ್ನು ಸಾಮಾನ್ಯವಾಗಿ ಸ್ಥಳೀಯ ಸಸ್ಯ ಮತ್ತು ","Kannada",,
"ಕೃಷಿ ಮತ್ತು ಉದ್ಯಾನ ಸಸ್ಯಗಳಂತಹ ವರ್ಗಗಳಾಗಿ ವಿಂಗಡಿಸಲಾಗಿದೆ","Kannada",,
" ಅದರಲ್ಲಿ ಕೊನೆಯದಾಗಿ ಉಲ್ಲೇಖಿಸಿರುವುದು ಉದ್ದೇಶಪೂರ್ವಕವಾಗಿದೆ","Kannada",,
"ಅನೇಕ ಸಸ್ಯಗಳು ಮತ್ತು ಪ್ರಾಣಿಗಳ ಅಳಿವಿಗೆ ಮಾನವರು ಕೊಡುಗೆ ನೀಡಿದ್ದಾರೆ.","Kannada",,
"ಮಾನವರು ವಿರಾಮ ಮತ್ತು ಆರ್ಥಿಕ ಚಟುವಟಿಕೆಗಳಿಗೆ ಪ್ರಕೃತಿಯನ್ನು ಬಳಸಿಕೊಳ್ಳುತ್ತಾರೆ.","Kannada",,
"ಕೈಗಾರಿಕಾ ಬಳಕೆಗಾಗಿ ನೈಸರ್ಗಿಕ ಸಂಪನ್ಮೂಲಗಳನ್ನು ಸ್ವಾಧೀನಪಡಿಸಿಕೊಳ್ಳುವುದು","Kannada",,
" ವಿಶ್ವದ ಆರ್ಥಿಕ ವ್ಯವಸ್ಥೆಯ ಒಂದು ಗಣನೀಯ ಅಂಶವಾಗಿ ಉಳಿದಿದೆ.","Kannada",,
"[74][75] ಬೇಟೆಯಾಡುವುದು ಮತ್ತು ಮೀನುಗಾರಿಕೆಯಂತಹ ಕೆಲವು","Kannada",,
" ಚಟುವಟಿಕೆಗಳನ್ನು ಆಹಾರ ಮತ್ತು ವಿರಾಮ ಎರಡಕ್ಕೂ ಬಳಸಲಾಗುತ್ತದೆ","Kannada",,
"ಕೃಷಿಯನ್ನು ಮೊದಲು 9ನೇ ಸಹಸ್ರಮಾನ BCE ಯಲ್ಲಿ ಅಳವಡಿಸಿಕೊಳ್ಳಲಾಯಿತು.","Kannada",,
"ಆಹಾರ ಉತ್ಪಾದನೆಯಿಂದ ಶಕ್ತಿಯವರೆಗೆ","Kannada",,
"ಪ್ರಕೃತಿಯು ಆರ್ಥಿಕ ಸಂಪತ್ತಿನ ಮೇಲೆ ಪ್ರಭಾವ ಬೀರುತ್ತದೆ.","Kannada",,
"ಆರಂಭಿಕ ಮಾನವರು ಆಹಾರಕ್ಕಾಗಿ ಕೃಷಿ ಮಾಡದ ಸಸ್ಯ ","Kannada",,
"[76] ಸಸ್ಯಗಳ ಆಧುನಿಕ ಮಾನವ ಬಳಕೆ ಕೃಷಿಯ ಮೂಲಕ.","Kannada",,
"ಬೆಳೆಗಳ ಬೆಳವಣಿಗೆಗಾಗಿ ದೊಡ್ಡ ಪ್ರಮಾಣದ ಭೂಮಿಯನ್ನು","Kannada",,
" ತೆರವುಗೊಳಿಸುವುದರಿಂದ ಅರಣ್ಯ ಮತ್ತು ಜೌಗು ಪ್ರದೇಶಗಳ","Kannada",,
" ಲಭ್ಯವಿರುವ ಪ್ರಮಾಣದಲ್ಲಿ ಗಮನಾರ್ಹ ಇಳಿಕೆಗೆ ಕಾರಣವಾಗಿದೆ","Kannada",,
"ಗ್ರಂಥಾಲಯಗಳು ಮತ್ತು ಪುಸ್ತಕ ಮಳಿಗೆಗಳ ದೊಡ್ಡ ವಿಭಾಗಗಳನ್ನು ತುಂಬುವುದು.","Kannada",,
"ಆ ಪ್ರಕೃತಿಯನ್ನು ತುಂಬಾ ಕಲೆ","Kannada",," "
"ಚಿತ್ರಿಸಿ ಆಚರಿಸಲಾಗಿದೆ.","Kannada",,
" ಮತ್ತು ಇತರ ಸಾಹಿತ್ಯವು ಅನೇಕ ಜನರು ಪ್ರಕೃತಿ ಮತ್ತು ","Kannada",,
"ಸೌಂದರ್ಯವನ್ನು ಸಂಯೋಜಿಸುವ ಶಕ್ತಿಯನ್ನು ತೋರಿಸುತ್ತದೆ.","Kannada",,
"ಈ ಸಂಘವು ಏಕೆ ಅಸ್ತಿತ್ವದಲ್ಲಿದೆ ಮತ್ತು ಸಂಘವು ಏನನ್ನು ","Kannada",,
"ಒಳಗೊಂಡಿದೆ ಎಂಬುದನ್ನು ಸೌಂದರ್ಯಶಾಸ್ತ್ರ ಎಂಬ ","Kannada",,
"ತತ್ವಶಾಸ್ತ್ರದ ಶಾಖೆಯಿಂದ ಅಧ್ಯಯನ ಮಾಡಲಾಗುತ್ತದೆ.","Kannada",,
"ಕೆಲವು ಮೂಲಭೂತ ಗುಣಲಕ್ಷಣಗಳನ್ನು ಮೀರಿ ಅನೇಕ ","Kannada",,
"ತತ್ವಜ್ಞಾನಿಗಳು ಸುಂದರವಾದದ್ದನ್ನು ವಿವರಿಸಲು ಒಪ್ಪಿಕೊಳ್ಳುತ್ತಾರೆ","Kannada",,
" ಅಭಿಪ್ರಾಯಗಳು ವಾಸ್ತವಿಕವಾಗಿ ಅಂತ್ಯವಿಲ್ಲ.","Kannada",,
"[78] ವಿಶ್ವ ಇತಿಹಾಸದ ವಿವಿಧ ಯುಗಗಳಲ್ಲಿ ಪ್ರಕೃತಿ ಮತ್ತು","Kannada",,
" ಕಾಡುಗಳು ಪ್ರಮುಖ ವಿಷಯಗಳಾಗಿವೆ.","Kannada",,
"ಭೂದೃಶ್ಯ ಕಲೆಯ ಆರಂಭಿಕ ಸಂಪ್ರದಾಯವು ಚೀನಾದಲ್ಲಿ","Kannada",,
" ಟ್ಯಾಂಗ್ ರಾಜವಂಶದ ಅವಧಿಯಲ್ಲಿ ಪ್ರಾರಂಭವಾಯಿತು (618–907).","Kannada",,
"ಪ್ರಕೃತಿಯನ್ನು ಪ್ರತಿನಿಧಿಸುವ ಸಂಪ್ರದಾಯವು ಚೀನೀ ಚಿತ್ರಕಲೆಯ ಗುರಿಗಳಲ್ಲಿ","Kannada",,
" ಒಂದಾಯಿತು ಮತ್ತು ಏಷ್ಯಾದ ಕಲೆಯಲ್ಲಿ ಗಮನಾರ್ಹ ಪ್ರಭಾವ ಬೀರಿತು.","Kannada",,
"ನೈಸರ್ಗಿಕ ಅದ್ಭುತಗಳನ್ನು ಕೀರ್ತನೆಗಳು ಮತ್ತು ಜಾಬ್ ಪುಸ್ತಕದಲ್ಲಿ ಆಚರಿಸಲಾಗಿದ್ದರೂ","Kannada",,
"ಡೇವಿಡ್ ರೊಥೆನ್‌ಬರ್ಗ್ ಬರೆದಂತೆ","Kannada",,
"ಮಾನವೀಯತೆಯು ಎಂದಿಗೂ ನೋಡಲು ಆಶಿಸುವ ಅತ್ಯುನ್ನತ ಸಾಧ್ಯತೆ"".","Kannada",,
"[80]:281 ವಿಜ್ಞಾನದ ಕೆಲವು ಕ್ಷೇತ್ರಗಳು ಪ್ರಕೃತಿಯನ್ನು ","Kannada",,
"ಚಲನೆಯಲ್ಲಿರುವ ವಸ್ತುವಾಗಿ ನೋಡುತ್ತವೆ","Kannada",,
"ವಿಜ್ಞಾನವು ಅರ್ಥಮಾಡಿಕೊಳ್ಳಲು ಬಯಸುವ","Kannada",,
" ಪ್ರಕೃತಿಯ ಕೆಲವು ನಿಯಮಗಳನ್ನು ಪಾಲಿಸುತ್ತವೆ.","Kannada",,
"ಈ ಕಾರಣಕ್ಕಾಗಿ ಅತ್ಯಂತ ಮೂಲಭೂತ ವಿಜ್ಞಾನವನ್ನು","Kannada",,
" ಸಾಮಾನ್ಯವಾಗಿ ""ಭೌತಶಾಸ್ತ್ರ"" ಎಂದು ಅರ್ಥೈಸಲಾಗುತ್ತದೆ - ಇದರ ಹೆಸರು","Kannada",,
"ಇದು ""ಪ್ರಕೃತಿಯ ಅಧ್ಯಯನ"" ಎಂದು ಇನ್ನೂ ಗುರುತಿಸಬಹುದಾಗಿದೆ.","Kannada",,
"ಮ್ಯಾಟರ್ ಅನ್ನು ಸಾಮಾನ್ಯವಾಗಿ ಭೌತಿಕ ವಸ್ತುಗಳು ","Kannada",,
"ಸಂಯೋಜಿಸಲ್ಪಟ್ಟ ವಸ್ತು ಎಂದು ವ್ಯಾಖ್ಯಾನಿಸಲಾಗಿದೆ.","Kannada",,
"ಇದು ಗಮನಿಸಬಹುದಾದ ವಿಶ್ವವನ್ನು ರೂಪಿಸುತ್ತದೆ.","Kannada",,
"ಬ್ರಹ್ಮಾಂಡದ ಗೋಚರ ಘಟಕಗಳು ಒಟ್ಟು ದ್ರವ್ಯರಾಶಿಯ ಕೇವಲ 4.9 ","Kannada",,
"ಪ್ರತಿಶತವನ್ನು ಮಾತ್ರ ಸಂಯೋಜಿಸುತ್ತವೆ ಎಂದು ನಂಬಲಾಗಿದೆ.","Kannada",,
"ಉಳಿದವು 26.8 ಪ್ರತಿಶತ ಕೋಲ್ಡ್ ಡಾರ್ಕ್ ಮ್ಯಾಟರ್ ಮತ್ತು 68.3 ","Kannada",,
"ಪ್ರತಿಶತ ಕಪ್ಪು ಶಕ್ತಿಯನ್ನು ಒಳಗೊಂಡಿರುತ್ತದೆ ಎಂದು ನಂಬಲಾಗಿದೆ.","Kannada",,
"[81] ಈ ಘಟಕಗಳ ನಿಖರವಾದ ಜೋಡಣೆ ಇನ್ನೂ ","Kannada",,
"ತಿಳಿದಿಲ್ಲ ಮತ್ತು ಭೌತವಿಜ್ಞಾನಿಗಳ ತೀವ್ರ ತನಿಖೆಯಲ್ಲಿದೆ.","Kannada",,
"ಗಮನಿಸಬಹುದಾದ ಬ್ರಹ್ಮಾಂಡದಾದ್ಯಂತ ವಸ್ತು ಮತ್ತು","Kannada",,
"ರಚನೆಯನ್ನು ಯಶಸ್ವಿಯಾಗಿ ವಿವರಿಸುವ ವಿಶ್ವವಿಜ್ಞಾನದ ","Kannada",,
"ಮಾದರಿಗಳನ್ನು ತಯಾರಿಸಲು ಈ ಕಾನೂನುಗಳನ್ನು ಬಳಸಲಾಗಿದೆ","Kannada",,
"ಬ್ರಹ್ಮಾಂಡದ ವಿಕಾಸವನ್ನು ನಾವು ಗಮನಿಸಬಹುದು.","Kannada",,
"ಭೌತಶಾಸ್ತ್ರದ ನಿಯಮಗಳ ಗಣಿತದ ಅಭಿವ್ಯಕ್ತಿಗಳು ಇಪ್ಪತ್ತು","Kannada",,
" ಭೌತಿಕ ಸ್ಥಿರಾಂಕಗಳನ್ನು[82] ಬಳಸಿಕೊಳ್ಳುತ್ತವೆ","Kannada",,
"ಅದು ಗಮನಿಸಬಹುದಾದ ಬ್ರಹ್ಮಾಂಡದಾದ್ಯಂತ ಸ್ಥಿರವಾಗಿರುತ್ತದೆ.","Kannada",,
"[83] ಈ ಸ್ಥಿರಾಂಕಗಳ ಮೌಲ್ಯಗಳನ್ನು ಎಚ್ಚರಿಕೆಯಿಂದ ಅಳೆಯಲಾಗಿದೆ","Kannada",,
"ಆದರೆ ಅವುಗಳ ನಿರ್ದಿಷ್ಟ ಮೌಲ್ಯಗಳ ಕಾರಣವು ನಿಗೂಢವಾಗಿಯೇ ಉಳಿದಿದೆ.","Kannada",,
"ಬಾಹ್ಯಾಕಾಶವನ್ನು ಸರಳವಾಗಿ ಬಾಹ್ಯಾಕಾಶ ಎಂದೂ ಕರೆಯುತ್ತಾರೆ","Kannada",,
" ಇದು ಆಕಾಶಕಾಯಗಳ ವಾತಾವರಣದ ಹೊರಗಿನ ಬ್ರಹ್ಮಾಂಡದ","Kannada",,
" ತುಲನಾತ್ಮಕವಾಗಿ ಖಾಲಿ ಪ್ರದೇಶಗಳನ್ನು ಸೂಚಿಸುತ್ತದೆ.","Kannada",,
"ಬಾಹ್ಯಾಕಾಶವನ್ನು ವಾಯುಪ್ರದೇಶದಿಂದ","Kannada",,
" (ಮತ್ತು ಭೂಮಿಯ ಸ್ಥಳಗಳಿಂದ) ಪ್ರತ್ಯೇಕಿಸಲು ಬಳಸಲಾಗುತ್ತದೆ.","Kannada",,
"ಭೂಮಿಯ ವಾತಾವರಣ ಮತ್ತು ಬಾಹ್ಯಾಕಾಶದ ನಡುವೆ ಯಾವುದೇ ","Kannada",,
"ಪ್ರತ್ಯೇಕವಾದ ಗಡಿಯಿಲ್ಲ","Kannada",,
"ಹೆಚ್ಚುತ್ತಿರುವ ಎತ್ತರದೊಂದಿಗೆ ಕ್ರಮೇಣ ದುರ್ಬಲಗೊಳ್ಳುತ್ತದೆ.","Kannada",,
"ಸೌರವ್ಯೂಹದೊಳಗಿನ ಬಾಹ್ಯಾಕಾಶವನ್ನು ಇಂಟರ್‌ಪ್ಲಾನೆಟರಿ ಸ್ಪೇಸ್ ","Kannada",,
"ಎಂದು ಕರೆಯಲಾಗುತ್ತದೆ","Kannada",,
"ಡುವ ಅಂತರತಾರಾ ಬಾಹ್ಯಾಕಾಶಕ್ಕೆ ಹಾದುಹೋಗುತ್ತದೆ.","Kannada",,
"ಬಾಹ್ಯಾಕಾಶವು ಹಲವಾರು ಡಜನ್ ವಿಧಗಳಿಂದ ವಿರಳವಾಗಿ ತುಂಬಿದೆ","Kannada",,
"ಇಂಗ್ಲಿಷ್ ವಿಕಿಪೀಡಿಯವು ಸೆಪ್ಟೆಂಬರ್ 9","Kannada",,
"ಮಿಲಿಯನ್ ಲೇಖನಗಳ ಗಡಿಯನ್ನು ದಾಟಿತು","Kannada",,
" ಮಿಂಗ್ ರಾಜವಂಶದ ಅವಧಿಯಲ್ಲಿ ಮಾಡಿದ ಯೋಂಗಲ್ ","Kannada",,
"ಎನ್ಸೈಕ್ಲೋಪೀಡಿಯಾವನ್ನು ಮೀರಿಸುವ ಮೂಲಕ ಇದುವರೆಗೆ ","Kannada",,
"ಒಟ್ಟುಗೂಡಿದ ಅತಿದೊಡ್ಡ ವಿಶ್ವಕೋಶವಾಗಿದೆ","Kannada",,
"[28] ವಿಕಿಪೀಡಿಯದಲ್ಲಿ ವಾಣಿಜ್ಯ ಜಾಹೀರಾತಿನ ಭಯ ಮತ್ತು","Kannada",,
" ನಿಯಂತ್ರಣದ ಕೊರತೆಯನ್ನು ಉಲ್ಲೇಖಿಸಿ","Kannada",,
"ಬಳಕೆದಾರರು ಫೆಬ್ರವರಿ 2002 ರಲ್ಲಿ ಎನ್ಸೈಕ್ಲೋಪೀಡಿಯಾ ಲಿಬ್ರೆಯನ್ನು","Kannada",,
" ರಚಿಸಲು ವಿಕಿಪೀಡಿಯಾದಿಂದ ಹೊರಗುಳಿದರು.","Kannada",,
"[29] ವೇಲ್ಸ್ ನಂತರ ವಿಕಿಪೀಡಿಯಾ ಜಾಹೀರಾತುಗಳನ್ನು ಪ್ರದರ್ಶಿಸುವುದಿಲ್ಲ ","Kannada",,
"ಎಂದು ಘೋಷಿಸಿತು ಮತ್ತು ವಿಕಿಪೀಡಿಯದ ಡೊಮೇನ್ ","Kannada",,
"ಅನ್ನು wikipedia.com ನಿಂದ wikipedia.org ಗೆ ಬದಲಾಯಿಸಿತು.","Kannada",,
"[30][31] ಇಂಗ್ಲಿಷ್ ವಿಕಿಪೀಡಿಯಾವು ಆಗಸ್ಟ್ 2009 ರಲ್ಲಿ ಮೂರು ","Kannada",,
"ಮಿಲಿಯನ್ ಲೇಖನಗಳನ್ನು ತಲುಪಿದ್ದರೂ","Kannada",,
" ಹೊಸ ಲೇಖನಗಳು ಮತ್ತು ಕೊಡುಗೆದಾರರ ಸಂಖ್ಯೆಗೆ ಸಂಬಂಧಿಸಿದಂತೆ","Kannada",,
"2007 ರ ಆರಂಭದಲ್ಲಿ ಉತ್ತುಂಗಕ್ಕೇರಿತು.","Kannada",,
"[32] 2006 ರಲ್ಲಿ ವಿಶ್ವಕೋಶಕ್ಕೆ ಪ್ರತಿದಿನ ಸುಮಾರು 1","Kannada",,
"ಸೇರಿಸಲಾಯಿತು","Kannada",,
"[33] ಪಾಲೊ ಆಲ್ಟೊ ಸಂಶೋಧನಾ ಕೇಂದ್ರದ ಒಂದು ತಂಡವು ","Kannada",,
"ಬೆಳವಣಿಗೆಯ ಈ ನಿಧಾನಗತಿಗೆ ಯೋಜನೆಯ ಹೆಚ್ಚುತ್ತಿರುವ ಪ್ರತ್ಯೇಕತೆ ಮತ್ತು ","Kannada",,
"ಬದಲಾವಣೆಗೆ ಪ್ರತಿರೋಧದ ಕಾರಣವಾಗಿದೆ.","Kannada",,
"[34] ಇತರರು ಬೆಳವಣಿಗೆಯು ಸ್ವಾಭಾವಿಕವಾಗಿ ಚಪ್ಪಟೆಯಾಗುತ್ತಿದೆ ಎಂದು","Kannada",,
" ಸೂಚಿಸುತ್ತಾರೆ ಏಕೆಂದರೆ ""ಕಡಿಮೆ-ತೂಗು ಹಣ್ಣು"" - ","Kannada",,
"ಲೇಖನವನ್ನು ಸ್ಪಷ್ಟವಾಗಿ ಅರ್ಹವಾದ ವಿಷಯಗಳು ಎಂದು","Kannada",,
" ಕರೆಯಬಹುದಾದ ಲೇಖನಗಳು ಈಗಾಗಲೇ ರಚಿಸಲ್ಪಟ್ಟಿವೆ ಮತ್ತು ","Kannada",,
"ವ್ಯಾಪಕವಾಗಿ ನಿರ್ಮಿಸಲ್ಪಟ್ಟಿವೆ.","Kannada",,
"[35][36][37] ನವೆಂಬರ್ 2009 ರಲ್ಲಿ","Kannada",,
"ನ್ ಕಾರ್ಲೋಸ್ ವಿಶ್ವವಿದ್ಯಾಲಯದ ಸಂಶೋಧಕರು 2009 ","Kannada",,
"ರ ಮೊದಲ ಮೂರು ತಿಂಗಳಲ್ಲಿ ಇಂಗ್ಲಿಷ್ ವಿಕಿಪೀಡಿಯಾ 49","Kannada",,
" ಕಳೆದುಕೊಂಡಿದೆ ಎಂದು ಕಂಡುಹಿಡಿದರು","Kannada",,
"ಯೋಜನೆಯು 2008 ರಲ್ಲಿ ಅದೇ ಅವಧಿಯಲ್ಲಿ ಕೇವಲ 4","Kannada",,
"ಸಂಪಾದಕರನ್ನು ಕಳೆದುಕೊಂಡಿತು.","Kannada",,
"[38][39] ವಾಲ್ ಸ್ಟ್ರೀಟ್ ಜರ್ನಲ್ ಈ ಪ್ರವೃತ್ತಿಗೆ ಕಾರಣಗಳಲ್ಲಿ ಅಂತಹ ","Kannada",,
"ವಿಷಯಕ್ಕೆ ಸಂಬಂಧಿಸಿದ ಸಂಪಾದನೆ ಮತ್ತು ವಿವಾದಗಳಿಗೆ","Kannada",,
" ಅನ್ವಯಿಸಲಾದ ನಿಯಮಗಳ ಶ್ರೇಣಿಯನ್ನು ಉಲ್ಲೇಖಿಸಿದೆ.","Kannada",,
"[40] ವೇಲ್ಸ್ 2009 ರಲ್ಲಿ ಈ ಹಕ್ಕುಗಳನ್ನು ವಿವಾದಿಸಿತು","Kannada",,
"ಅವನತಿಯನ್ನು ನಿರಾಕರಿಸಿತು ಮತ್ತು ಅಧ್ಯಯನದ ವಿಧಾನವನ್ನು ಪ್ರಶ್ನಿಸಿತು.","Kannada",,
"[41] ಎರಡು ವರ್ಷಗಳ ನಂತರ","Kannada",,
"ಕುಸಿತದ ಉಪಸ್ಥಿತಿಯನ್ನು ಒಪ್ಪಿಕೊಂಡಿತು","Kannada",,
"ಕ್ಕಿಂತ ಸ್ವಲ್ಪ ಹೆಚ್ಚು ಬರಹಗಾರರಿಂದ"" ಜೂನ್ 2011 ರಲ್ಲಿ 35","Kannada",,
"ಅದೇ ಸಂದರ್ಶನದಲ್ಲಿ","Kannada",,
