Text,Language
ഇന്ത്യ അതൊരു രാജ്യമാണ്,Malayalam
 സമ്പന്നമായ ഒരു സംസ്കാരത്തിന്റെ അഭിമാനം.,Malayalam
ഇന്ത്യയുടെ സംസ്കാരം സൂചിപ്പിക്കുന്നത്,Malayalam
 ചെറിയ തനതായ സംസ്കാരങ്ങളുടെ ഒരു ശേഖരം.,Malayalam
 ഇന്ത്യയുടെ സംസ്കാരം ഉൾക്കൊള്ളുന്നു,Malayalam
 വസ്ത്രങ്ങൾ,Malayalam
മതങ്ങൾ,Malayalam
 ഇന്ത്യയിലെ ഭക്ഷണവും കലയും.,Malayalam
ഏറ്റവും ശ്രദ്ധേയമായ,Malayalam
ഭാരതീയ സംസ്കാരം ഉണ്ടായിട്ടുണ്ട്,Malayalam
പല വിദേശികളും സ്വാധീനിച്ചു,Malayalam
അതിന്റെ ചരിത്രത്തിലുടനീളം സംസ്കാരങ്ങൾ.,Malayalam
 കൂടാതെ,Malayalam
ഇന്ത്യയുടെ സംസ്കാരത്തിന്റെ,Malayalam
നിരവധി ദശലക്ഷം ആണ്,Malayalam
ലെനിയ പഴയ.,Malayalam
ഒന്നാമതായി,Malayalam
ഇന്ത്യൻ വംശജരായ മതങ്ങൾ ഹിന്ദുമതമാണ്,Malayalam
 ബുദ്ധമതം,Malayalam
 ഈ മതങ്ങളെല്ലാം,Malayalam
കർമ്മത്തിലും ധർമ്മത്തിലും അധിഷ്ഠിതമാണ്.,Malayalam
കൂടാതെ,Malayalam
ഇന്ത്യൻ മതങ്ങൾ എന്ന് വിളിക്കപ്പെടുന്നു.,Malayalam
 ഇന്ത്യൻ മതങ്ങളാണ് പ്രധാനം,Malayalam
 ലോക മതങ്ങളുടെ വിഭാഗം,Malayalam
 അബ്രഹാമിക് മതങ്ങൾക്കൊപ്പം.,Malayalam
കൂടാതെ,Malayalam
ഇന്ത്യയിലും ഉണ്ട്.,Malayalam
ഈ വിദേശ മതങ്ങൾ,Malayalam
അബ്രഹാമിക് മതങ്ങൾ ഉൾപ്പെടുന്നു.,Malayalam
 ഇന്ത്യയിലെ അബ്രഹാമിക് മതങ്ങൾ,Malayalam
 തീർച്ചയായും യഹൂദമതമാണ്,Malayalam
 ക്രിസ്തുമതം,Malayalam
 അബ്രഹാമിക് മതങ്ങൾക്ക് പുറമെ,Malayalam
സൊരാസ്ട്രിയനിസവും ബഹായി വിശ്വാസവുമാണ്,Malayalam
മറ്റ് വിദേശ മതങ്ങൾ,Malayalam
 ഇന്ത്യയിൽ നിലനിൽക്കുന്നത്.,Malayalam
 തൽഫലമായി,Malayalam
 നിരവധി വൈവിധ്യമാർന്ന മതങ്ങൾ ഉയർന്നുവന്നിട്ടുണ്ട്,Malayalam
 സഹിഷ്ണുതയ്ക്കും,Malayalam
 ഇന്ത്യൻ സംസ്കാരത്തിലെ മതേതരത്വം.,Malayalam
കൂട്ടുകുടുംബ വ്യവസ്ഥയാണ്,Malayalam
 ഇന്ത്യൻ സംസ്കാരത്തിന്റെ നിലവിലുള്ള വ്യവസ്ഥ.,Malayalam
ഏറ്റവും ശ്രദ്ധേയം,Malayalam
 മാതാപിതാക്കൾ,Malayalam
കുട്ടികളുടെ ഇണകൾ,Malayalam
 ഈ കുടുംബങ്ങളെല്ലാം,Malayalam
അംഗങ്ങൾ ഒരുമിച്ച് താമസിക്കുന്നു.,Malayalam
 കൂടാതെ,Malayalam
 പുരുഷ അംഗമാണ് കുടുംബത്തിന്റെ തലവൻ.,Malayalam
ഇന്ത്യ ഒരു വലിയ ആഘോഷം,Malayalam
 ഉത്സവങ്ങളുടെ എണ്ണം.,Malayalam
 ഈ ഉത്സവങ്ങൾ വളരെ വൈവിധ്യപൂർണ്ണമാണ്,Malayalam
 കാരണം ബഹുമതവും,Malayalam
 ബഹു-സാംസ്കാരിക ഇന്ത്യൻ സമൂഹം.,Malayalam
 ഇന്ത്യക്കാർ ആഘോഷവേളകളെ വളരെയധികം വിലമതിക്കുന്നു.,Malayalam
എല്ലാത്തിനുമുപരി,Malayalam
ആഘോഷങ്ങളിൽ പങ്കുചേരുന്നു,Malayalam
 വ്യത്യാസങ്ങൾ പരിഗണിക്കാതെ.,Malayalam
പരമ്പരാഗത ഇന്ത്യൻ ഭക്ഷണം,Malayalam
 സംഗീതം,Malayalam
 വാസ്തുവിദ്യയിലും കാര്യമായ വ്യത്യാസമുണ്ട്,Malayalam
 വിവിധ പ്രദേശങ്ങളിൽ ഉടനീളം.,Malayalam
 ഈ ഘടകങ്ങൾ സ്വാധീനിക്കപ്പെടുന്നു,Malayalam
 വിവിധ ഘടകങ്ങളാൽ.,Malayalam
 എല്ലാത്തിനുമുപരി,Malayalam
 ഭൂമിശാസ്ത്രം,Malayalam
 കൂടാതെ ഗ്രാമീണ/നഗര ക്രമീകരണം.,Malayalam
ഇന്ത്യൻ സംസ്കാരം ഒരു പ്രചോദനമാണ്,Malayalam
 പല എഴുത്തുകാർക്കും.,Malayalam
 ഇന്ത്യ തീർച്ചയായും ഒരു പ്രതീകമാണ്,Malayalam
ലോകമെമ്പാടുമുള്ള ഐക്യത്തിന്റെ.,Malayalam
 ഇന്ത്യൻ സംസ്കാരം തീർച്ചയായും വളരെ സങ്കീർണ്ണമാണ്.,Malayalam
 കൂടാതെ,Malayalam
ഇന്ത്യൻ ഐഡന്റിറ്റി എന്ന ആശയം,Malayalam
 ചില ബുദ്ധിമുട്ടുകൾ സൃഷ്ടിക്കുന്നു.,Malayalam
 എന്നിരുന്നാലും,Malayalam
 ഇന്ത്യൻ സംസ്കാരം നിലവിലുണ്ട്.,Malayalam
 ഈ സാധാരണ സൃഷ്ടി,Malayalam
ഭാരതീയ സംസ്കാരം ചിലതിൽ നിന്നുമാണ് ഉണ്ടാകുന്നത്,Malayalam
ആന്തരിക ശക്തികൾ.,Malayalam
 എല്ലാത്തിനുമുപരി,Malayalam
ശക്തമായ ഭരണഘടനയാണ്,Malayalam
സാർവത്രിക മുതിർന്ന ഫ്രാഞ്ചൈസി,Malayalam
 നയം,Malayalam
ഇന്ത്യയുടെ സംസ്കാരം പ്രതിഫലിപ്പിക്കുന്നു,Malayalam
 വിശ്വാസങ്ങൾ,Malayalam
 മതപരമായ ചായ്‌വുകളും,Malayalam
 ഇന്ത്യയിലെ ജനങ്ങൾ.,Malayalam
ഇന്ത്യ ഒരു സാംസ്കാരിക വൈവിധ്യമുള്ള രാജ്യമാണ്,Malayalam
 ഓരോ പ്രദേശത്തിനൊപ്പം,Malayalam
അതിന്റേതായ വ്യതിരിക്തമായ സംസ്കാരം,Malayalam
തന്റെ കാലത്തെ ഏറ്റവും വലിയ പോരാളി.,Malayalam
 ഒരു നൂതന സൈനിക തന്ത്രജ്ഞൻ,Malayalam
സമർത്ഥനായ ഒരു ഭരണാധികാരിയും,Malayalam
 അവൻ ധീരനായ പോരാളിയായി കണക്കാക്കപ്പെടുന്നു.,Malayalam
 അദ്ദേഹത്തിനുണ്ടായിരുന്ന മഹത്തായ ഗുണങ്ങൾ,Malayalam
ഒരു നേതാവെന്ന നിലയിലും രാജാവ് അദ്ദേഹത്തെ പണിയാൻ സഹായിച്ചു,Malayalam
മറാത്താ സാമ്രാജ്യം ശക്തവും ബൃഹത്തായതുമായ ഒരു ശക്തിയായി.,Malayalam
ശിവാജി ബോൺസ്ലെ ജനിച്ചത്,Malayalam
 ഷഹാജി ബോൺസ്ലെയുടെ രാജകുടുംബം.,Malayalam
അദ്ദേഹം ജനിച്ച നേതാവായിരുന്നു,Malayalam
സ്ഥാപിക്കാൻ,Malayalam
 മറാത്ത സാമ്രാജ്യം അത്,Malayalam
 ശക്തരായ മുഗളന്മാരെപ്പോലും ഭയപ്പെടുത്തി.,Malayalam
1627 ഫെബ്രുവരി 16-ന് ശിവനേരിയിൽ ജനിച്ചു.,Malayalam
ഷാജിയുടെ അഭിമാന പുത്രനായിരുന്നു ശിവാജി.,Malayalam
 ഈ ശിവാജി മഹാരാജ് ഉപന്യാസം,Malayalam
 ഇംഗ്ലീഷിൽ മഹത്വത്തെക്കുറിച്ച് നിങ്ങളോട് പറയും,Malayalam
 ജനങ്ങളുടെ രാജാവിന്റെ വീര്യവും.,Malayalam
ശിവജിയുടെ അമ്മ ജിജാബായി ആയിരുന്നു,Malayalam
വ്യക്തിത്വത്തിലും വളരെ ശക്തനാണ്.,Malayalam
 അവൾ പുണ്യവതിയും ദാനവുമായിരുന്നു,Malayalam
ശരിയായ വിദ്യാഭ്യാസം,Malayalam
 അവനെ നിർഭയനാക്കാൻ അവളുടെ മകൻ.,Malayalam
 അത് കേട്ടാണ് അവൻ വളർന്നത്,Malayalam
 യുടെ വീര്യവും മഹത്വവും,Malayalam
 രാമായണവും മഹാഭാരതവും.,Malayalam
അദ്ദേഹവും ഉപദേശങ്ങൾ പിന്തുടർന്നു,Malayalam
ഈ രണ്ട് ഇതിഹാസങ്ങളിൽ മാത്രമല്ല,Malayalam
ശക്തമായ പ്രതിരോധശേഷിയുള്ള സവിശേഷതകൾ,Malayalam
ഒരു ഉത്തമ ഹിന്ദു സ്വഭാവം.,Malayalam
 അവൻ ഒരിക്കലും കുമ്പിടാൻ പഠിച്ചിട്ടില്ല,Malayalam
ഏതെങ്കിലും ശക്തിയിലേക്ക് ഇറങ്ങി.,Malayalam
ഈ ശിവാജി മഹാരാജ് പ്രബന്ധത്തിൽ,Malayalam
,Malayalam
നേട്ടങ്ങൾ പുറത്തെടുക്കും.,Malayalam
ജീവനുള്ള ആളുകൾക്ക് വേണ്ടി,Malayalam
 മുഗൾ സാമ്രാജ്യം നശിപ്പിച്ചു,Malayalam
 ഛത്രപതി ശിവാജി മഹാരാജിന്റെ ജനനം,Malayalam
 നല്ല ശകുനമായിരുന്നു.,Malayalam
 കഷ്ടപ്പാടുകളുടെ കാലത്ത്,Malayalam
മുഗൾ ഭരണം,Malayalam
ജനങ്ങൾക്ക് പ്രതീക്ഷയുടെ കിരണം.,Malayalam
 ഫെബ്രുവരി 18 നാണ് മഹാരാജ് ജനിച്ചത്,Malayalam
ജൂലിയൻ കലണ്ടർ പ്രകാരം 1630,Malayalam
 ഫാൽഗുൻ കൃഷ്ണനെക്കുറിച്ചും,Malayalam
 തൃതീയ (ഫൽഗുൻ കൃഷ്ണ തൃതീയ),Malayalam
 ഹിന്ദു കലണ്ടർ പ്രകാരം,Malayalam
 ജുന്നാർ നഗരത്തിലെ ശിവനേരി കോട്ടയിൽ,Malayalam
 പൂനെ ജില്ലയ്ക്ക് സമീപം,Malayalam
ഭോസാലെയും ജിജാബായ് ഭോസാലെയും.,Malayalam
ഞങ്ങൾ ചില വിവരങ്ങൾ നൽകിയിട്ടുണ്ട്,Malayalam
 ശിവാജി മഹാരാജിന്റെ ജന്മദിനത്തെക്കുറിച്ച്,Malayalam
 ഈ ലേഖനത്തിന്റെ അവസാനം.,Malayalam
അവന്റെ കുട്ടിക്കാലത്ത്,Malayalam
" ജീജാമാതാ അവനെ ""ശിവബാ"" എന്ന് വിളിച്ചു.",Malayalam
 അദ്ദേഹം രാജാവിനെ സേവിച്ചു,Malayalam
 തന്റെ ചെറുപ്പകാലത്ത് ബീജാപൂർ.,Malayalam
" ""ജഹാഗീർദാർ"" എന്ന നിലയിൽ",Malayalam
 പൂനെയിലെ ഒരു പ്രത്യേക പ്രദേശത്താണ് അദ്ദേഹം താമസിച്ചിരുന്നത്.,Malayalam
 ശിവജിയുടെ അമ്മ ജിജാബായി.,Malayalam
 അഗാധമായ മതവിശ്വാസിയായിരുന്നു,Malayalam
 പിതാവിന്റെ അതിമോഹമുള്ള സ്ത്രീ,Malayalam
 സിന്ദ്ഖേഡ് നേതാവ് ലഖുജിറാവു ജാദവ് ആയിരുന്നു.,Malayalam
 സത്യം ജയിക്കും,Malayalam
അവസാനം,Malayalam
എന്ന് പഠിപ്പിച്ചത്,Malayalam
ശരിയായതിന് വേണ്ടി പോരാടുന്നു,Malayalam
 എന്ത് വെല്ലുവിളികൾ ഉണ്ടായാലും,Malayalam
 നിങ്ങളുടെ മുഖമാണ് ഏറ്റവും പ്രധാനം,Malayalam
 കുട്ടിക്കാലത്ത് അവൾ അവനെ പഠിപ്പിച്ച പാഠം.,Malayalam
ശിവജി വളർന്നപ്പോൾ,Malayalam
 ജീജാമാതയുടെ ഉപദേശങ്ങൾ ഉണ്ടായിരുന്നു,Malayalam
 അവന്റെ മനസ്സിൽ അഗാധമായ സ്വാധീനം.,Malayalam
നമ്മൾ നോക്കിയാൽ,Malayalam
ഇന്ത്യൻ തിരഞ്ഞെടുപ്പിന്റെ സാഹചര്യം,Malayalam
 മതിയായ ശക്തിയുള്ള ഏതെങ്കിലും ക്രമരഹിത വ്യക്തി,Malayalam
പണത്തിന് തിരഞ്ഞെടുപ്പിൽ മത്സരിക്കാം.,Malayalam
അവർ ഒരു പൗരനായിരിക്കണം,Malayalam
 രാജ്യം ഒപ്പം ആയിരിക്കുക,Malayalam
കുറഞ്ഞത് 25 വയസ്സ്.,Malayalam
 കുറച്ച് ഉണ്ട്,Malayalam
വളരെ എളുപ്പമുള്ള ക്ലോസുകളും.,Malayalam
ഏറ്റവും വിചിത്രമായ കാര്യം മത്സരിക്കുക എന്നതാണ്,Malayalam
തിരഞ്ഞെടുപ്പിന് ആവശ്യമില്ല,Malayalam
 ഏതെങ്കിലും മിനിമം വിദ്യാഭ്യാസ യോഗ്യത.,Malayalam
 അങ്ങനെ,Malayalam
 കൂടാതെ അർഹതയില്ലാത്ത സ്ഥാനാർത്ഥികളും,Malayalam
അധികാരത്തിൽ വരുകയും അനന്തമായി അത് ദുരുപയോഗം ചെയ്യുകയും ചെയ്യുക.,Malayalam
 വിദ്യാഭ്യാസമില്ലാത്ത മന്ത്രിമാരുള്ള രാജ്യം,Malayalam
 വികസിപ്പിക്കാനോ ശരിയായ പാതയിൽ പോകാനോ കഴിയില്ല.,Malayalam
വിദ്യാസമ്പന്നരായ മന്ത്രിമാരെയാണ് സർക്കാരിൽ വേണ്ടത്.,Malayalam
അവർക്കാണ് ഉണ്ടാക്കാൻ കഴിയുന്നത്,Malayalam
അവർ കൈകാര്യം ചെയ്യുന്നതുപോലെ രാജ്യം പുരോഗമിക്കും,Malayalam
 നിരക്ഷരരെക്കാൾ നല്ലത് കാര്യങ്ങൾ.,Malayalam
 സ്ഥാനാർത്ഥികൾ നല്ല യോഗ്യതയുള്ളവരായിരിക്കണം,Malayalam
ഒരു വലിയ ഉത്തരവാദിത്തം ഏറ്റെടുക്കാൻ വേണ്ടി,Malayalam
 ഒരു രാഷ്ട്രം മുഴുവനും നടത്തുന്നതുപോലെ.,Malayalam
ചുരുക്കിപ്പറഞ്ഞാൽ നമ്മുടെ നാടിനെ രക്ഷിക്കണം,Malayalam
അഴിമതിക്കാരും വിദ്യാഭ്യാസമില്ലാത്തവരുമായ രാഷ്ട്രീയക്കാർ,Malayalam
പരാന്നഭോജികൾ ഭക്ഷിക്കുന്നതിനേക്കാൾ കുറവല്ല,Malayalam
 വികസന വളർച്ചയെ അകറ്റി,Malayalam
രാജ്യവും അതിന്റെ വിഭവങ്ങളും.,Malayalam
 തകർക്കാൻ നമ്മൾ എല്ലാവരും ഒന്നിക്കണം,Malayalam
 ചക്രവും ജോലിയും,Malayalam
 നമ്മുടെ രാജ്യത്തിന്റെ സമ്പന്നമായ ഭാവി.,Malayalam
പത്രത്തിന്റെ പ്രചാരം ആരംഭിച്ചത്,Malayalam
17-ആം നൂറ്റാണ്ട്. വിവിധ രാജ്യങ്ങൾ,Malayalam
 ആരംഭിക്കുന്നതിന് വ്യത്യസ്ത സമയപരിധികളുണ്ട്,Malayalam
 പത്രങ്ങളുടെ പ്രസിദ്ധീകരണം. 1665-ൽ,Malayalam
ആദ്യത്തെ യഥാർത്ഥ പത്രം ഇംഗ്ലണ്ടിലാണ് അച്ചടിച്ചത്.,Malayalam
 ആദ്യത്തെ അമേരിക്കൻ പത്രം,Malayalam
വിദേശത്തും ആഭ്യന്തരമായും പൊതു സംഭവങ്ങൾ എന്ന് പേരിട്ടു,Malayalam
 1690-ൽ അച്ചടിച്ചു. അതുപോലെ,Malayalam
ഇതെല്ലാം 1702 മുതൽ കാനഡയിലും ആരംഭിക്കുന്നു,Malayalam
1752-ലെ ആദ്യത്തെ പത്രം,Malayalam
 ഹാലിഫാക്സ് ഗസറ്റ് അതിന്റെ പ്രസിദ്ധീകരണം ആരംഭിച്ചു.,Malayalam
19-ആം നൂറ്റാണ്ടിന്റെ അവസാനത്തിൽ,Malayalam
 വളരെ സാധാരണവും ആയിത്തീർന്നു,Malayalam
 കാരണം കുറഞ്ഞ വിലയ്ക്ക് ലഭ്യമായിരുന്നു,Malayalam
 അവരുടെ മേലുള്ള സ്റ്റാമ്പ് ഡ്യൂട്ടി നിർത്തലാക്കൽ. പക്ഷേ,Malayalam
 ഇരുപതാം നൂറ്റാണ്ടിന്റെ തുടക്കത്തിൽ കമ്പ്യൂട്ടർ സാങ്കേതികവിദ്യ,Malayalam
 അച്ചടിയുടെ പഴയ തൊഴിൽ രീതി മാറ്റിസ്ഥാപിക്കാൻ തുടങ്ങി.,Malayalam
പത്രം വളരെ ശക്തമായ ഒരു മാധ്യമമാണ്,Malayalam
ആളുകൾക്കിടയിൽ വിവരങ്ങൾ പ്രചരിപ്പിക്കുന്നു.,Malayalam
 നമുക്ക് ആവശ്യമുള്ളതുപോലെ വിവരങ്ങൾ വളരെ പ്രധാനപ്പെട്ട ഒരു കാര്യമാണ്,Malayalam
 നമുക്ക് ചുറ്റും എന്താണ് സംഭവിക്കുന്നതെന്ന് അറിയുക. കൂടാതെ,Malayalam
 എന്ന സ്ഥലത്തെ സംഭവങ്ങളിലേക്ക്,Malayalam
നമ്മുടെ ചുറ്റുപാടുകൾ സഹായിക്കുന്നു,Malayalam
 മികച്ച ആസൂത്രണത്തിലും തീരുമാനത്തിലും ഞങ്ങൾ.,Malayalam
സർക്കാരും മറ്റും,Malayalam
ഔദ്യോഗിക പ്രഖ്യാപനങ്ങൾ,Malayalam
 ഒരു പത്രത്തിൽ ചെയ്തു.,Malayalam
 സർക്കാർ,Malayalam
 ജോലി പോലെയുള്ള തൊഴിലുമായി ബന്ധപ്പെട്ട വിവരങ്ങൾ,Malayalam
 ഒഴിവുകളും വ്യത്യസ്ത മത്സരവുമായി ബന്ധപ്പെട്ടതും,Malayalam
വിവരങ്ങളും ആകുന്നു,Malayalam
 പത്രത്തിൽ പ്രസിദ്ധീകരിച്ചു.,Malayalam
കാലാവസ്ഥാ പ്രവചനങ്ങൾ,Malayalam
ബിസിനസ് സംബന്ധമായ വാർത്തകൾ,Malayalam
 സാമ്പത്തിക,Malayalam
 കായിക വിനോദവുമായി ബന്ധപ്പെട്ട എല്ലാം,Malayalam
 വിവരങ്ങൾ പത്രത്തിൽ പ്രസിദ്ധീകരിക്കുന്നു.,Malayalam
പത്രമാണ് ഏറ്റവും അനുയോജ്യം,Malayalam
 വർദ്ധിക്കുന്നതിന്റെ ഉറവിടം,Malayalam
നിലവിലെ കാര്യങ്ങൾ. മിക്ക വീടുകളിലും,Malayalam
ഇന്നത്തെ സമൂഹത്തിൽ,Malayalam
 ഒരു വായന പത്രം.,Malayalam
ഡിജിറ്റലൈസേഷന്റെ ഈ കാലഘട്ടത്തിൽ,Malayalam
 ധാരാളം ഡാറ്റ ഉണ്ട്,Malayalam
ഇന്റർനെറ്റിൽ ലഭ്യമാണ്.,Malayalam
മിക്ക വാർത്തകളും,Malayalam
 നേരിടാൻ ചാനലും പത്ര പ്രസിദ്ധീകരണ സ്ഥാപനങ്ങളും,Malayalam
 എന്ന പ്രവണതയ്‌ക്കൊപ്പം,Malayalam
 ഡിജിറ്റൈസേഷൻ തുറന്നു,Malayalam
അവരുടെ സ്വന്തം വെബ്സൈറ്റും മൊബൈൽ ആപ്ലിക്കേഷനും.,Malayalam
 വിവരങ്ങൾ സോഷ്യൽ വഴി തൽക്ഷണം പ്രചരിക്കുന്നു,Malayalam
മാധ്യമങ്ങളും വെബ്സൈറ്റുകളും.,Malayalam
ഈ നിലവിലെ സാഹചര്യത്തിൽ,Malayalam
 എവിടെ വിവരങ്ങൾ,Malayalam
ഇന്റർനെറ്റിൽ തത്സമയം ഏതാണ്ട് ലഭ്യമാണ്,Malayalam
 പത്രം അതിന്റെ യഥാർത്ഥ രൂപത്തിൽ തോന്നുന്നു,Malayalam
ഒരു ട്രീറ്റ് നേരിടാൻ,Malayalam
അസ്തിത്വം. എന്നിരുന്നാലും,Malayalam
 പ്രതിവാര പത്രങ്ങൾ ഇപ്പോഴും,Malayalam
 ഇതിൽ അതിന്റെ പ്രാധാന്യം നിലനിർത്തുക,Malayalam
 ഡിജിറ്റൽ യുഗം.,Malayalam
 പത്രം ഇപ്പോഴും പരിഗണിക്കപ്പെടുന്നു,Malayalam
ഏതൊരു വിവരത്തിന്റെയും ആധികാരിക ഉറവിടമായി.,Malayalam
ഒട്ടുമിക്ക പത്രങ്ങൾക്കും ഒരു പ്രത്യേകതയുണ്ട്,Malayalam
 യുവാക്കൾക്കും സ്കൂൾ വിദ്യാർത്ഥികൾക്കുമുള്ള വിഭാഗം,Malayalam
 അവരുടെ കഴിവുകൾ പ്രകടിപ്പിക്കാനും പ്രകടിപ്പിക്കാനും.,Malayalam
ക്വിസ്,Malayalam
 ചെറുകഥ,Malayalam
ഏത് പത്രം ഉണ്ടാക്കുന്നു,Malayalam
 രസകരമായ ലേഖനങ്ങൾ,Malayalam
 സ്കൂൾ വിദ്യാർത്ഥികൾക്കിടയിൽ.,Malayalam
ഉത്തേജിപ്പിക്കുന്നതിനും ഇത് സഹായിക്കുന്നു,Malayalam
വായിക്കുന്ന ശീലം,Malayalam
ചെറുപ്പം മുതലേ പത്രം.,Malayalam
പത്രങ്ങൾ ഒരു വലിയ ഉറവിടമാണ്,Malayalam
 വിവരം,Malayalam
വീട്ടിൽ ലഭ്യമാണ്.,Malayalam
 ഓരോരുത്തരും,Malayalam
 ഉൾക്കൊള്ളാൻ ഉറപ്പാക്കണം,Malayalam
 വായിക്കുന്ന ശീലം,Malayalam
 അവരുടെ ജീവിതത്തിൽ പത്രങ്ങൾ.,Malayalam
 ഇന്നത്തെ ഡിജിറ്റൽ ലോകത്ത്,Malayalam
വിവരങ്ങളുടെ ഓൺലൈൻ ഉറവിടം,Malayalam
എളുപ്പത്തിൽ ലഭ്യമാണ് എന്നാൽ,Malayalam
 ആധികാരികതയും വിശ്വാസ്യതയും,Malayalam
 അത്തരം വിവരങ്ങളാണ്,Malayalam
 അറിയപ്പെടാത്ത. പത്രമാണ്,Malayalam
 നൽകുന്നത് ഉറപ്പാക്കുന്നു,Malayalam
 ഞങ്ങൾ കൃത്യവും പരിശോധിച്ചുറപ്പിച്ചതുമാണ്,Malayalam
 വിവരങ്ങൾ. പത്രങ്ങൾ സ്ഥിരമാണ്,Malayalam
 കാരണം അവർ ആയിരുന്നതിനാൽ,Malayalam
 ജനങ്ങളുടെ വിശ്വാസം നേടിയെടുക്കാൻ കഴിയും,Malayalam
 അതിന്റെ സാധുതയുള്ള വിവരങ്ങൾക്കൊപ്പം. സാമൂഹികമായി,Malayalam
പത്രം ഒരു പ്രധാന പങ്ക് വഹിക്കുന്നു,Malayalam
 വളർത്തലും പരിപാലിക്കലും,Malayalam
 മനോവീര്യവും ഐക്യവും,Malayalam
 സമൂഹം ഒരു വലിയ പരിധി വരെ.,Malayalam
ഏറ്റവും അറിയപ്പെടുന്ന ഒന്ന്,Malayalam
ഇന്ത്യയിലെ ആദരണീയരായ വ്യവസായികളും,Malayalam
 രത്തൻ നേവൽ ടാറ്റയാണ് ചെയർമാൻ,Malayalam
ടാറ്റ സൺസും ടാറ്റ ഗ്രൂപ്പും. 73-ാം വയസ്സിൽ,Malayalam
 ടാറ്റ രാജ്യത്തെ ഏറ്റവും വലിയ കമ്പനികളിലൊന്നാണ്,Malayalam
 ഏകദേശം 100 പേർ അടങ്ങുന്ന സംഘങ്ങൾ,Malayalam
 മൊത്തം വരുമാനമുള്ള സ്ഥാപനങ്ങൾ,Malayalam
 67 ബില്യൺ ഡോളർ. ചെയർമാൻ കൂടിയാണ്,Malayalam
 ടാറ്റ സ്റ്റീൽ പോലുള്ള പ്രധാന ടാറ്റ കമ്പനികളുടെ,Malayalam
 ടാറ്റ മോട്ടോഴ്‌സ്,Malayalam
ടാറ്റ കൺസൾട്ടൻസി സർവീസസ്,Malayalam
 ടാറ്റ കെമിക്കൽസ്,Malayalam
ഇന്ത്യൻ ഹോട്ടൽ കമ്പനി.,Malayalam
1937 ഡിസംബർ 28 നാണ് ടാറ്റ ജനിച്ചത്,Malayalam
 മുംബൈ,Malayalam
 അദ്ദേഹത്തിന്റെ മുത്തച്ഛൻ ജംസെഡ്ജി ടാറ്റ ആയിരുന്നു.,Malayalam
 ടാറ്റ ഗ്രൂപ്പിന്റെ സ്ഥാപകൻ. ചെറുപ്പത്തിൽ,Malayalam
 ടാറ്റയ്ക്ക് അസ്വസ്ഥതയുണ്ടായിരുന്നു,Malayalam
മാതാപിതാക്കളുടെ വേർപിരിയലിനു ശേഷമുള്ള കുട്ടിക്കാലം.,Malayalam
 അവനെ വളർത്തിയത് അവന്റെ മുത്തശ്ശിയാണ്,Malayalam
ടാറ്റ പാലസിൽ ആഡംബരത്തിന്റെ മടിത്തട്ടിൽ നവജ്‌ബായി ലേഡി.,Malayalam
 അമേരിക്കയ്ക്ക് ഒരു പ്രത്യേക ആകർഷണം ഉണ്ടായിരുന്നു,Malayalam
ടാറ്റയുടെ പിൻഗാമിയും അദ്ദേഹവും കോർണൽ സർവകലാശാലയിൽ പോയി,Malayalam
 ആർക്കിടെക്ചറും സ്ട്രക്ചറൽ എഞ്ചിനീയറിംഗും പഠിക്കാൻ.,Malayalam
 പിന്നീട് അദ്ദേഹം ഒരു മാനേജ്മെന്റിനെ പിന്തുടർന്നു,Malayalam
ഹാർവാർഡ് യൂണിവേഴ്സിറ്റിയിൽ നിന്നുള്ള കോഴ്സ്.,Malayalam
പിന്നീട് ടാറ്റ ആകാനുള്ള വഴിയൊരുക്കി,Malayalam
ടാറ്റ ഇൻഡസ്ട്രീസിന്റെ ചെയർമാൻ,Malayalam
 ഉന്നയിക്കുന്നതിൽ പ്രധാന പങ്കുവഹിക്കുകയും ചെയ്തു,Malayalam
പരിഷ്കാരങ്ങളുടെ വിപുലമായ ശ്രേണിയിൽ.,Malayalam
അദ്ദേഹത്തിന്റെ മേൽനോട്ടത്തിലായിരുന്നു അത്,Malayalam
 ടാറ്റ കൺസൾട്ടൻസി സർവീസസ് പൊതുമേഖലാ സ്ഥാപനമായി,Malayalam
ഒപ്പം ടാറ്റ മോട്ടോഴ്‌സും ലിസ്റ്റ് ചെയ്തു,Malayalam
 ന്യൂയോർക്ക് സ്റ്റോക്ക് എക്സ്ചേഞ്ച് നൽകുന്നു,Malayalam
അത് കൂടുതൽ അന്താരാഷ്ട്ര ശക്തിയും അംഗീകാരവും.,Malayalam
 അദ്ദേഹം നേതൃത്വം നൽകി,Malayalam
 കോറസിനായുള്ള ടാറ്റയുടെ വിജയകരമായ ബിഡ്,Malayalam
 ഒരു ആംഗ്ലോ-ഡച്ച് സ്റ്റീൽ,Malayalam
അതുപോലെ ജാഗ്വാറും ലാൻഡ് റോവറും,Malayalam
ഫോർഡ് കമ്പനിയിൽ നിന്നുള്ള ബ്രാൻഡുകൾ.,Malayalam
അദ്ദേഹത്തിന്റെ കാലത്ത് കമ്പനി,Malayalam
ഇന്ത്യയുടെ വിക്ഷേപണത്തിന് സാക്ഷ്യം വഹിച്ചു,Malayalam
 ആദ്യത്തെ യഥാർത്ഥ ഇന്ത്യൻ കാർ,Malayalam
 ടാറ്റയുടെ ആശയമാണ് ഈ കാർ.,Malayalam
 2000-ൽ ടാറ്റയുടെ ഫുഡ് ഡിവിഷൻ ഏറ്റെടുത്തു,Malayalam
തേയില കമ്പനിയായ ടെറ്റ്ലി 70 മില്യൺ ജിബിപിക്ക്.,Malayalam
2009-10 വർഷത്തിൽ ഗ്രൂപ്പിന്റെ വരുമാനം,Malayalam
 ഏകദേശം 12 മടങ്ങ് വളർന്നു,Malayalam
മൊത്തം 67.4 ബില്യൺ ഡോളർ.,Malayalam
 ടാറ്റയും സേവനം നൽകുന്നു,Malayalam
 ഫിയറ്റ് SpA,Malayalam
 അന്താരാഷ്ട്രതലത്തിലും ഉണ്ട്,Malayalam
 മിത്സുബിഷി കോർപ്പറേഷന്റെ ബോർഡുകൾ,Malayalam
 അമേരിക്കൻ ഇന്റർനാഷണൽ ഗ്രൂപ്പ്,Malayalam
 ജെ പി മോർഗൻ ചേസ്,Malayalam
 ടെമാസെക് ഹോൾഡിംഗ്‌സും മോണിറ്ററിയും,Malayalam
 സിംഗപ്പൂർ അതോറിറ്റി.,Malayalam
2000-ൽ അദ്ദേഹത്തെ ആദരിച്ചു,Malayalam
 പത്മഭൂഷൺ എഴുതിയത്,Malayalam
 ഇന്ത്യൻ സർക്കാർ.,Malayalam
 എന്ന ബഹുമതിയും ലഭിച്ചു,Malayalam
ഓണററി ഡോക്ടറേറ്റ്,Malayalam
 ബിസിനസ് അഡ്മിനിസ്ട്രേഷനിൽ,Malayalam
ഒഹായോ സ്റ്റേറ്റ് യൂണിവേഴ്സിറ്റി,Malayalam
ഒരു ഓണററി ഡോക്ടറേറ്റ്,Malayalam
ഏഷ്യൻ ഇൻസ്റ്റിറ്റ്യൂട്ടിന്റെ സാങ്കേതികവിദ്യ,Malayalam
 ടെക്നോളജി,Malayalam
കൂടാതെ ഓണററി ഡോക്ടറേറ്റും,Malayalam
 വാർവിക്ക് സർവകലാശാലയുടെ ശാസ്ത്രം.,Malayalam
ടാറ്റയ്ക്ക് ഒരു വ്യക്തിത്വമുണ്ട്,Malayalam
 GBP 300 ദശലക്ഷം ഭാഗ്യം,Malayalam
കൂടാതെ 1% ൽ താഴെ മാത്രം ഉടമസ്ഥതയുണ്ട്,Malayalam
ഭീമാകാരമായ സംഘം.,Malayalam
ടാറ്റ ഗ്രൂപ്പിന്റെ മൂന്നിൽ രണ്ട് ഭാഗവും,Malayalam
ചാരിറ്റബിളിന്റെ ഉടമസ്ഥതയിലുള്ളത്,Malayalam
നല്ല കാര്യങ്ങൾക്ക് ധനസഹായം നൽകുമെന്ന് വിശ്വസിക്കുന്നു.,Malayalam
ടാറ്റ തികച്ചു,Malayalam
 ഉദാരതയുടെ ഉദാഹരണവും,Malayalam
 26/11 ആക്രമണസമയത്ത് നേതൃത്വം.,Malayalam
 നിരായുധനായ അവൻ പുറത്ത് ഒറ്റയ്ക്ക് നിന്നു,Malayalam
താജ് ഹോട്ടലും പ്രവർത്തനങ്ങൾക്ക് മേൽനോട്ടം വഹിച്ചു,Malayalam
 ഇരകളെ സഹായിക്കാൻ. അവൻ തന്റെ പ്രദർശനം നടത്തി,Malayalam
 വ്യക്തിപരമായി സന്ദർശിച്ചുകൊണ്ട് മനുഷ്യത്വപരമായ ആംഗ്യം,Malayalam
 ഉണ്ടായിരുന്ന 80 ജീവനക്കാരുടെയും കുടുംബങ്ങൾ,Malayalam
 കൊല്ലപ്പെട്ടു അല്ലെങ്കിൽ പരിക്കേറ്റു. അവൻ ഒരു കല്ലും വിട്ടില്ല,Malayalam
 ദുരിതബാധിതർക്ക് ആശ്വാസം നൽകാനും ആവശ്യപ്പെട്ടു,Malayalam
 കുടുംബങ്ങളും ആശ്രിതരും,Malayalam
അവനെ എന്തുചെയ്യണമെന്ന് അവർ ആഗ്രഹിച്ചു.,Malayalam
അദ്ദേഹത്തിന്റെ വിരമിക്കലിന് ഇനിയും ഒരു വർഷം ബാക്കിയുണ്ട്.,Malayalam
 പക്ഷേ ടാറ്റ ചോക്ക് ചെയ്യാൻ തുടങ്ങിയിരിക്കുന്നു,Malayalam
തന്റെ വിരമിക്കലിന് ശേഷമുള്ള പദ്ധതികൾ തയ്യാറാക്കി.,Malayalam
 ഒരു ഡിസൈൻ സജ്ജീകരിക്കാൻ അദ്ദേഹം പദ്ധതിയിടുന്നു,Malayalam
 അന്താരാഷ്ട്ര നിലവാരത്തിന്റെയും സ്കെയിലിന്റെയും കേന്ദ്രം.,Malayalam
പലരുടെയും വികസനത്തിന് അദ്ദേഹം നേതൃത്വം നൽകി,Malayalam
നൂതനമായ ഡിസൈനുകളും ഉൽപ്പന്നങ്ങളും,Malayalam
 ഏറ്റവും ആഘോഷിക്കപ്പെട്ടത് നാനോയാണ്.,Malayalam
നാനോ എന്ന ആശയം അദ്ദേഹത്തിന്റേതാണ്,Malayalam
 ആണവ സുരക്ഷയെക്കുറിച്ചുള്ള ആശങ്ക,Malayalam
 ഇരുചക്രവാഹനങ്ങളിൽ യാത്ര ചെയ്യുന്ന കുടുംബങ്ങൾ.,Malayalam
 അദ്ദേഹം തന്നെയാണ് അത് നിർദ്ദേശിച്ചതും,Malayalam
 മിനിയേച്ചർ കാർ ഘടിപ്പിക്കണം,Malayalam
ഒരു വിൻഡ്‌സ്‌ക്രീൻ വൈപ്പർ മാത്രം.,Malayalam
ഇത് അതിന്റെ വില കുറച്ചു,Malayalam
 പരിപാലനച്ചെലവും.,Malayalam
ഇംഗ്ലീഷ് വ്യാകരണം പഠിപ്പിക്കുന്നത് സഹായിക്കുന്നു,Malayalam
 നേടിയെടുക്കാൻ വിദ്യാർത്ഥികൾ,Malayalam
കേൾക്കാനുള്ള കഴിവ്,Malayalam
 സംസാരിക്കുന്നു,Malayalam
 എഴുത്തും.,Malayalam
വ്യാകരണം അറിയാതെ,Malayalam
വിദ്യാർത്ഥികൾക്ക് സംസാരിക്കാൻ കഴിയില്ല,Malayalam
 അല്ലെങ്കിൽ ഇംഗ്ലീഷ് ശരിയായി എഴുതുക.,Malayalam
 എന്നതിൽ വ്യാകരണം ഒരു പ്രധാന പങ്ക് വഹിക്കുന്നു,Malayalam
ഏത് ഭാഷയും പഠിപ്പിക്കുകയും പഠിക്കുകയും ചെയ്യുന്നു.,Malayalam
 അതിന്റെ പ്രാധാന്യം സർക്കാർ തിരിച്ചറിഞ്ഞു,Malayalam
 ഒരു പ്രധാന ഭാഗമായി വ്യാകരണം,Malayalam
 ഭാഷാ വിദ്യാഭ്യാസത്തിന്റെ.,Malayalam
 വ്യാകരണം ആയി,Malayalam
ഒരു പ്രധാന ഭാഗം,Malayalam
സ്കൂൾ ഇംഗ്ലീഷ് പാഠ്യപദ്ധതി,Malayalam
 പ്രാഥമിക വിദ്യാഭ്യാസം മുതൽ ഉന്നത വിദ്യാഭ്യാസം വരെ.,Malayalam
 വ്യാകരണമാണ് അടിസ്ഥാനം,Malayalam
ഇംഗ്ലീഷ് ഭാഷ,Malayalam
 അത് അടിസ്ഥാനപരവുമാണ്,Malayalam
അധ്യാപനത്തിന്റെ ഭാഗവും,Malayalam
 ഇംഗ്ലീഷ് വ്യാകരണം പഠിക്കുന്നു,Malayalam
 ഭൂട്ടാനീസ് ക്ലാസ് മുറിയിൽ.,Malayalam
സ്കൂൾ ഇംഗ്ലീഷ് പാഠ്യപദ്ധതി വിഭജിക്കുന്നു,Malayalam
 ഇംഗ്ലീഷിൽ നാല് പ്രധാന കഴിവുകളായി:,Malayalam
സംസാരിക്കുകയും കേൾക്കുകയും ചെയ്യുക,Malayalam
 വായനയും സാഹിത്യവും ഭാഷയും,Malayalam
പ്രീ-പ്രൈമറി മുതൽ പന്ത്രണ്ടാം ക്ലാസ് വരെ,Malayalam
ശരിയായ രീതിയിൽ പഠിക്കാൻ വിദ്യാർത്ഥികളെ സഹായിക്കുക.,Malayalam
 അതിനാൽ,Malayalam
 ഇംഗ്ലീഷ് വ്യാകരണം പഠിപ്പിക്കുകയും പഠിക്കുകയും ചെയ്യുന്നു,Malayalam
ക്ലാസ്റൂം ക്രമീകരണത്തിൽ ഔപചാരികമായ രീതിയിൽ,Malayalam
 ശ്രവണശേഷി നേടുന്നതിന് വിദ്യാർത്ഥികളെ സഹായിക്കുക,Malayalam
 സംസാരം,Malayalam
 പ്രകൃതി,Malayalam
 ഭൗതിക,Malayalam
പ്രകൃതി എന്നത് ഭൗതിക ലോകത്തെ പ്രതിഭാസങ്ങളെ സൂചിപ്പിക്കാൻ കഴിയും.,Malayalam
 ഒപ്പം പൊതുവെ ജീവിതത്തിലേക്കും.,Malayalam
പ്രകൃതിയെക്കുറിച്ചുള്ള പഠനം ശാസ്ത്രത്തിന്റെ ഒരു വലിയ ഭാഗമാണ്.,Malayalam
മനുഷ്യർ പ്രകൃതിയുടെ ഭാഗമാണെങ്കിലും,Malayalam
 മനുഷ്യ പ്രവർത്തനങ്ങൾ പലപ്പോഴും മറ്റ് പ്രകൃതി പ്രതിഭാസങ്ങളിൽ നിന്ന് ഒരു പ്രത്യേക വിഭാഗമായി മനസ്സിലാക്കപ്പെടുന്നു.,Malayalam
[1] പ്രകൃതി എന്ന വാക്ക് പഴയ ഫ്രഞ്ച് പ്രകൃതിയിൽ നിന്ന് കടമെടുത്തതാണ്,Malayalam
"അല്ലെങ്കിൽ ""അത്യാവശ്യ ഗുണങ്ങൾ",Malayalam
" സഹജമായ സ്വഭാവം""",Malayalam
"അക്ഷരാർത്ഥത്തിൽ ""ജനനം"" എന്നാണ് അർത്ഥമാക്കുന്നത്.",Malayalam
[2] പ്രാചീന തത്ത്വചിന്തയിൽ,Malayalam
ഇത് യഥാർത്ഥത്തിൽ സസ്യങ്ങളുടെ ആന്തരിക സ്വഭാവങ്ങളുമായി ബന്ധപ്പെട്ടിരിക്കുന്നു,Malayalam
 മൃഗങ്ങളും ലോകത്തിന്റെ മറ്റ് സവിശേഷതകളും സ്വന്തം ഇഷ്ടപ്രകാരം വികസിക്കുന്നു.,Malayalam
പ്രകൃതിയെ മൊത്തത്തിൽ,Malayalam
 യഥാർത്ഥ ആശയത്തിന്റെ വികാസം;[1],Malayalam
 Ï†ÏÏƒÎ¹Ï‚ എന്ന വാക്കിന്റെ ചില പ്രധാന പ്രയോഗങ്ങളിൽ നിന്നാണ് ഇത് ആരംഭിച്ചത്,Malayalam
 സോക്രട്ടിക്ക് മുമ്പുള്ള തത്ത്വചിന്തകർ (ഈ വാക്കിന് അന്ന് ചലനാത്മകമായ ഒരു മാനം ഉണ്ടായിരുന്നെങ്കിലും,Malayalam
 പ്രത്യേകിച്ച് ഹെരാക്ലിറ്റസിന്),Malayalam
 അന്നുമുതൽ സ്ഥിരമായി കറൻസി നേടുകയും ചെയ്തു.,Malayalam
കഴിഞ്ഞ നിരവധി നൂറ്റാണ്ടുകളിൽ ആധുനിക ശാസ്ത്ര രീതിയുടെ ആവിർഭാവ സമയത്ത്,Malayalam
 പ്രകൃതി നിഷ്ക്രിയ യാഥാർത്ഥ്യമായി,Malayalam
 ദൈവിക നിയമങ്ങളാൽ സംഘടിപ്പിക്കപ്പെടുകയും നീക്കപ്പെടുകയും ചെയ്തു.,Malayalam
[5][6] വ്യാവസായിക വിപ്ലവത്തോടെ,Malayalam
 പ്രകൃതി കൂടുതലായി കാണപ്പെട്ടു,Malayalam
യാഥാർത്ഥ്യത്തിന്റെ ഭാഗം മനഃപൂർവമായ ഇടപെടലിൽ നിന്ന് നഷ്ടപ്പെട്ടു:,Malayalam
അതിനാൽ ചില പാരമ്പര്യങ്ങളാൽ ഇത് പവിത്രമായി കണക്കാക്കപ്പെട്ടിരുന്നു (റൂസോ,Malayalam
അമേരിക്കൻ ട്രാൻസെൻഡന്റലിസം) അല്ലെങ്കിൽ ദൈവിക പരിപാലനത്തിനുള്ള ഒരു അലങ്കാരം,Malayalam
 അല്ലെങ്കിൽ മനുഷ്യ ചരിത്രം (ഹെഗൽ,Malayalam
എന്നിരുന്നാലും,Malayalam
 അതേ സമയം പുനർജനിച്ചു,Malayalam
[1] ഇന്നത്തെ വാക്കിന്റെ വിവിധ ഉപയോഗങ്ങൾക്കുള്ളിൽ,Malayalam
" ""പ്രകൃതി"" പലപ്പോഴും ഭൂമിശാസ്ത്രത്തെയും വന്യജീവികളെയും സൂചിപ്പിക്കുന്നു.",Malayalam
ജീവനുള്ള സസ്യങ്ങളുടെയും മൃഗങ്ങളുടെയും പൊതുവായ മേഖലയെ പ്രകൃതിക്ക് സൂചിപ്പിക്കാൻ കഴിയും.,Malayalam
 ചില സന്ദർഭങ്ങളിൽ നിർജീവവുമായി ബന്ധപ്പെട്ട പ്രക്രിയകളിലേക്കും,Malayalam
 ഒബ്‌ജക്‌റ്റുകൾ- പ്രത്യേക തരം കാര്യങ്ങൾ നിലനിൽക്കുകയും സ്വന്തം ഇഷ്ടപ്രകാരം മാറുകയും ചെയ്യുന്ന രീതി,Malayalam
 ഭൂമിയുടെ കാലാവസ്ഥയും ഭൂമിശാസ്ത്രവും പോലെ.,Malayalam
സ്വാഭാവിക പരിസ്ഥിതി അല്ലെങ്കിൽ വന്യമൃഗങ്ങൾ,Malayalam
 പൊതുവേ,Malayalam
അല്ലെങ്കിൽ മനുഷ്യ ഇടപെടൽ ഉണ്ടായിട്ടും നിലനിൽക്കുന്നത്.,Malayalam
ഉദാഹരണത്തിന്,Malayalam
 ഉദാഹരണത്തിന്,Malayalam
സ്വാഭാവിക കാര്യങ്ങളെക്കുറിച്ചുള്ള ഈ കൂടുതൽ പരമ്പരാഗത ആശയം ഇപ്പോഴും സാധ്യമാണ്,Malayalam
ഇന്ന് കാണപ്പെടുന്നത് പ്രകൃതിദത്തവും കൃത്രിമവും തമ്മിലുള്ള വ്യത്യാസത്തെ സൂചിപ്പിക്കുന്നു,Malayalam
 ഒരു മനുഷ്യ ബോധം അല്ലെങ്കിൽ ഒരു മനുഷ്യ മനസ്സ് കൊണ്ട് ഉണ്ടായത് എന്ന് മനസിലാക്കിയ കൃത്രിമമായത് കൊണ്ട്.,Malayalam
പ്രത്യേക സന്ദർഭത്തെ ആശ്രയിച്ച്,Malayalam
" ""സ്വാഭാവികം"" എന്ന പദത്തെ പ്രകൃതിവിരുദ്ധമോ അമാനുഷികമോ എന്നതിൽ നിന്ന് വേർതിരിക്കാം.",Malayalam
[1] ജീവനെ പിന്തുണയ്ക്കുന്ന ഒരേയൊരു ഗ്രഹം ഭൂമിയാണ്.,Malayalam
 അതിന്റെ സ്വാഭാവിക സവിശേഷതകൾ ശാസ്ത്ര ഗവേഷണത്തിന്റെ പല മേഖലകൾക്കും വിഷയമാണ്.,Malayalam
സൗരയൂഥത്തിനുള്ളിൽ,Malayalam
 ഇത് സൂര്യനോട് ഏറ്റവും അടുത്ത് മൂന്നാമതാണ്;,Malayalam
 ഇത് ഭൂമിയിലെ ഏറ്റവും വലിയ ഗ്രഹവും മൊത്തത്തിൽ അഞ്ചാമത്തെ വലിയ ഗ്രഹവുമാണ്.,Malayalam
രണ്ട് വലിയ ധ്രുവപ്രദേശങ്ങളാണ് ഇതിന്റെ ഏറ്റവും പ്രധാനപ്പെട്ട കാലാവസ്ഥാ സവിശേഷതകൾ.,Malayalam
 താരതമ്യേന ഇടുങ്ങിയ രണ്ട് മിതശീതോഷ്ണ മേഖലകൾ,Malayalam
വിശാലമായ ഭൂമധ്യരേഖാ ഉഷ്ണമേഖലാ മുതൽ ഉപ ഉഷ്ണമേഖലാ പ്രദേശം വരെ.,Malayalam
[7] ലൊക്കേഷൻ അനുസരിച്ച് മഴ വളരെ വ്യത്യസ്തമാണ്,Malayalam
 പ്രതിവർഷം നിരവധി മീറ്റർ വെള്ളം മുതൽ ഒരു മില്ലിമീറ്ററിൽ താഴെ വരെ.,Malayalam
ഭൂമിയുടെ ഉപരിതലത്തിന്റെ 71 ശതമാനവും ഉപ്പുവെള്ള സമുദ്രങ്ങളാൽ മൂടപ്പെട്ടിരിക്കുന്നു.,Malayalam
ബാക്കിയുള്ളവ ഭൂഖണ്ഡങ്ങളും ദ്വീപുകളും ഉൾക്കൊള്ളുന്നു.,Malayalam
 വടക്കൻ അർദ്ധഗോളത്തിൽ ജനവാസമുള്ള ഭൂരിഭാഗവും.,Malayalam
ഭൂമി ഭൗമശാസ്ത്രത്തിലൂടെയും പരിണമിച്ചു,Malayalam
 യഥാർത്ഥ അവസ്ഥകളുടെ അടയാളങ്ങൾ അവശേഷിപ്പിച്ച ജൈവ പ്രക്രിയകൾ.,Malayalam
പുറം ഉപരിതലം ക്രമേണ മൈഗ്രേറ്റിംഗ് ടെക്റ്റോണിക് പ്ലേറ്റുകളായി തിരിച്ചിരിക്കുന്നു.,Malayalam
ഇന്റീരിയർ സജീവമായി തുടരുന്നു,Malayalam
 പ്ലാസ്റ്റിക് ആവരണത്തിന്റെ കട്ടിയുള്ള പാളിയും കാന്തികക്ഷേത്രം സൃഷ്ടിക്കുന്ന ഇരുമ്പ് നിറച്ച കാമ്പും.,Malayalam
ഈ ഇരുമ്പ് കോർ ഒരു ഖര ആന്തരിക ഘട്ടം ഉൾക്കൊള്ളുന്നു.,Malayalam
 ഒരു ദ്രാവക ബാഹ്യ ഘട്ടവും.,Malayalam
കാമ്പിലെ സംവഹന ചലനം ഡൈനാമോ പ്രവർത്തനത്തിലൂടെ വൈദ്യുത പ്രവാഹങ്ങൾ സൃഷ്ടിക്കുന്നു,Malayalam
കൂടാതെ,Malayalam
അന്തരീക്ഷ സാഹചര്യങ്ങൾ ഗണ്യമായി,Malayalam
 ജീവരൂപങ്ങളുടെ സാന്നിദ്ധ്യത്താൽ യഥാർത്ഥ അവസ്ഥകളിൽ നിന്ന് മാറ്റം വരുത്തി,Malayalam
[8] ഇത് ഉപരിതല അവസ്ഥകളെ സ്ഥിരപ്പെടുത്തുന്ന ഒരു പാരിസ്ഥിതിക സന്തുലിതാവസ്ഥ സൃഷ്ടിക്കുന്നു.,Malayalam
 ഇന്റർഗ്ലേഷ്യൽ കാലഘട്ടങ്ങളിൽ ദീർഘകാല ശരാശരി ആഗോള കാലാവസ്ഥ വളരെ സ്ഥിരതയുള്ളതാണ്,Malayalam
 ശരാശരി ആഗോളതലത്തിൽ ഒന്നോ രണ്ടോ ഡിഗ്രിയുടെ വ്യതിയാനങ്ങളും,Malayalam
 താപനില ചരിത്രപരമായി പാരിസ്ഥിതിക സന്തുലിതാവസ്ഥയിൽ വലിയ സ്വാധീനം ചെലുത്തിയിട്ടുണ്ട്.,Malayalam
 ഭൂമിയുടെ യഥാർത്ഥ ഭൂമിശാസ്ത്രത്തെക്കുറിച്ചും.,Malayalam
[10][11] ഭൂമിശാസ്ത്രമാണ് ശാസ്ത്രവും,Malayalam
ഭൂമിയെ രൂപപ്പെടുത്തുന്ന ഖര ദ്രാവക പദാർത്ഥങ്ങളെക്കുറിച്ചുള്ള പഠനം.,Malayalam
ഭൗമശാസ്ത്ര മേഖല ഘടന,Malayalam
 ഭൗതിക ഗുണങ്ങൾ,Malayalam
 ഭൂമിയിലെ വസ്തുക്കളുടെ ചരിത്രവും,Malayalam
 അവ രൂപപ്പെടുന്നതും ചലിക്കുന്നതും മാറ്റപ്പെടുന്നതുമായ പ്രക്രിയകളും.,Malayalam
ഫീൽഡ് ഒരു പ്രധാന അക്കാദമിക് അച്ചടക്കമാണ്,Malayalam
കൂടാതെ ധാതു,Malayalam
 പ്രകൃതി അപകടങ്ങളെക്കുറിച്ചുള്ള അറിവും ലഘൂകരണവും,Malayalam
 ചില ജിയോ ടെക്നിക്കൽ എഞ്ചിനീയറിംഗ് മേഖലകൾ,Malayalam
 മുൻകാല കാലാവസ്ഥയും പരിസ്ഥിതിയും മനസ്സിലാക്കുകയും ചെയ്യുന്നു.,Malayalam
ഒരു പ്രദേശത്തിന്റെ ഭൂമിശാസ്ത്രം കാലക്രമേണ പാറ യൂണിറ്റുകളായി പരിണമിക്കുന്നു,Malayalam
നിക്ഷേപിക്കുകയും തിരുകുകയും ചെയ്യുന്നു,Malayalam
റോക്ക് യൂണിറ്റുകൾ ആദ്യം സ്ഥാപിക്കുന്നത് ഒന്നുകിൽ നിക്ഷേപിച്ചാണ്,Malayalam
 ഉപരിതലം അല്ലെങ്കിൽ മുകളിലെ പാറയിലേക്ക് നുഴഞ്ഞുകയറുക.,Malayalam
അവശിഷ്ടങ്ങൾ ഉപരിതലത്തിൽ സ്ഥിരതാമസമാക്കുമ്പോൾ നിക്ഷേപം സംഭവിക്കാം,Malayalam
 ഭൂമിയുടെ,Malayalam
 അല്ലെങ്കിൽ അഗ്നിപർവ്വത ചാരമോ ലാവയോ പോലുള്ള അഗ്നിപർവ്വത പദാർത്ഥങ്ങൾ പ്രവഹിക്കുമ്പോൾ,Malayalam
ബാത്ത്‌ലിത്തുകൾ,Malayalam
 മുകളിലെ പാറയിലേക്ക് മുകളിലേക്ക് തള്ളുക,Malayalam
 അവ നുഴഞ്ഞുകയറുമ്പോൾ ക്രിസ്റ്റലൈസ് ചെയ്യുന്നു.,Malayalam
പാറകളുടെ പ്രാരംഭ ക്രമം നിക്ഷേപിച്ച ശേഷം,Malayalam
പാറ യൂണിറ്റുകൾ രൂപഭേദം വരുത്താനും കൂടാതെ/അല്ലെങ്കിൽ രൂപാന്തരപ്പെടുത്താനും കഴിയും.,Malayalam
തിരശ്ചീനമായി ചുരുക്കുന്നതിന്റെ ഫലമായി രൂപഭേദം സാധാരണയായി സംഭവിക്കുന്നു,Malayalam
 തിരശ്ചീന വിപുലീകരണം,Malayalam
ഈ ഘടനാപരമായ ഭരണകൂടങ്ങൾ വിശാലമായി ഒത്തുചേരുന്ന അതിരുകളുമായി ബന്ധപ്പെട്ടിരിക്കുന്നു,Malayalam
 വ്യത്യസ്‌ത അതിരുകൾ,Malayalam
 ടെക്റ്റോണിക് പ്ലേറ്റുകൾക്കിടയിൽ യഥാക്രമം അതിരുകൾ രൂപാന്തരപ്പെടുത്തുക.,Malayalam
ഭൂമി 4.54Â രൂപപ്പെട്ടതായി കണക്കാക്കപ്പെടുന്നു,Malayalam
സൗര നെബുലയിൽ നിന്ന് ബില്യൺ വർഷങ്ങൾക്ക് മുമ്പ്,Malayalam
 സൂര്യനും മറ്റ് ഗ്രഹങ്ങൾക്കും ഒപ്പം.,Malayalam
[12] ഏകദേശം 20 ദശലക്ഷം വർഷങ്ങൾക്ക് ശേഷം ചന്ദ്രൻ രൂപപ്പെട്ടു.,Malayalam
തുടക്കത്തിൽ ഉരുകി,Malayalam
 ഖര പുറംതോട് ഫലമായി.,Malayalam
വാതക പുറന്തള്ളലും അഗ്നിപർവ്വത പ്രവർത്തനവും ആദിമ അന്തരീക്ഷം സൃഷ്ടിച്ചു.,Malayalam
ഘനീഭവിക്കുന്ന ജലബാഷ്പം,Malayalam
 സമുദ്രങ്ങളും മറ്റ് ജലസ്രോതസ്സുകളും ഉത്പാദിപ്പിച്ചു.,Malayalam
[13] ഉയർന്ന ഊർജ്ജസ്വലമായ രസതന്ത്രം ഉണ്ടെന്ന് വിശ്വസിക്കപ്പെടുന്നു,Malayalam
 ഏകദേശം 4 ബില്യൺ വർഷങ്ങൾക്ക് മുമ്പ് സ്വയം പകർത്തുന്ന ഒരു തന്മാത്ര നിർമ്മിച്ചു.,Malayalam
[14] ഭൂഖണ്ഡങ്ങൾ രൂപപ്പെടുകയും പിന്നീട് പിളർന്ന് നവീകരിക്കപ്പെടുകയും ചെയ്തു,Malayalam
 ഭൂമിയുടെ ഉപരിതലം കോടിക്കണക്കിന് വർഷങ്ങൾകൊണ്ട് പുനർരൂപകൽപ്പന ചെയ്യപ്പെട്ടു.,Malayalam
 ഇടയ്ക്കിടെ സംയോജിപ്പിച്ച് ഒരു സൂപ്പർ ഭൂഖണ്ഡം ഉണ്ടാക്കുന്നു.,Malayalam
ഏകദേശം 750 ദശലക്ഷം വർഷങ്ങൾക്ക് മുമ്പ്,Malayalam
 പിരിയാൻ തുടങ്ങി.,Malayalam
ഭൂഖണ്ഡങ്ങൾ പിന്നീട് വീണ്ടും കൂടിച്ചേർന്ന് പന്നോട്ടിയ രൂപപ്പെട്ടു,Malayalam
 ഏകദേശം 540 ദശലക്ഷം വർഷങ്ങൾക്ക് മുമ്പ് അത് വേർപിരിഞ്ഞു,Malayalam
 പിന്നീട് ഏകദേശം 180 ദശലക്ഷം വർഷങ്ങൾക്ക് മുമ്പ് വേർപിരിഞ്ഞ പാംഗിയ.,Malayalam
[16] നിയോപ്രോട്ടോറോസോയിക് കാലഘട്ടത്തിൽ,Malayalam
ഭൂമിയുടെ ഭൂരിഭാഗവും മഞ്ഞുപാളികളിലും മഞ്ഞുപാളികളിലും താപനില മൂടിയിരുന്നു.,Malayalam
"ഈ സിദ്ധാന്തത്തെ ""സ്നോബോൾ എർത്ത്"" എന്ന് വിളിക്കുന്നു.",Malayalam
 അതിനു മുമ്പുള്ളതു പോലെ അത് പ്രത്യേക താൽപ്പര്യമുള്ളതാണ്,Malayalam
മൾട്ടിസെല്ലുലാർ ആയ കേംബ്രിയൻ സ്ഫോടനം,Malayalam
ജീവരൂപങ്ങൾ 530-540 ദശലക്ഷം വർഷങ്ങൾക്ക് മുമ്പ് പെരുകാൻ തുടങ്ങി.,Malayalam
[17] കേംബ്രിയൻ സ്ഫോടനത്തിനു ശേഷം വ്യക്തമായി തിരിച്ചറിയാൻ കഴിയുന്ന അഞ്ച് കൂട്ട വംശനാശങ്ങൾ ഉണ്ടായിട്ടുണ്ട്.,Malayalam
[18] 66 ദശലക്ഷം വർഷങ്ങൾക്ക് മുമ്പാണ് അവസാനത്തെ കൂട്ട വംശനാശം സംഭവിച്ചത്.,Malayalam
 ഒരു ഉൽക്കാശില കൂട്ടിയിടി ഒരുപക്ഷേ വംശനാശത്തിന് കാരണമായപ്പോൾ,Malayalam
 പക്ഷികളല്ലാത്ത ദിനോസറുകളും മറ്റ് വലിയ ഉരഗങ്ങളും,Malayalam
 എന്നാൽ സസ്തനികൾ പോലുള്ള ചെറിയ മൃഗങ്ങളെ ഒഴിവാക്കി.,Malayalam
കഴിഞ്ഞ 66 ദശലക്ഷം വർഷങ്ങളിൽ,Malayalam
[19] ദശലക്ഷക്കണക്കിന് വർഷങ്ങൾക്ക് മുമ്പ്,Malayalam
 ചെറിയ ആഫ്രിക്കൻ കുരങ്ങന് നിവർന്നു നിൽക്കാനുള്ള കഴിവ് നേടി.,Malayalam
[15] മനുഷ്യജീവിതത്തിന്റെ തുടർന്നുള്ള ആവിർഭാവം,Malayalam
കൃഷിയുടെ വികസനവും കൂടുതൽ നാഗരികതയും മനുഷ്യരെ അനുവദിച്ചു,Malayalam
 മുമ്പത്തെ ഏതൊരു ജീവജാലത്തേക്കാളും വേഗത്തിൽ ഭൂമിയെ ബാധിക്കാൻ,Malayalam
മറ്റ് ജീവികളുടെ സ്വഭാവത്തെയും അളവിനെയും ആഗോള കാലാവസ്ഥയെയും ബാധിക്കുന്നു.,Malayalam
താരതമ്യപ്പെടുത്തുമ്പോൾ,Malayalam
 സൈഡേറിയൻ കാലഘട്ടത്തിലെ ആൽഗകളുടെ വ്യാപനത്താൽ ഉത്പാദിപ്പിക്കപ്പെടുന്നു,Malayalam
ഏകദേശം 300 ദശലക്ഷം വർഷങ്ങൾ വേണ്ടിവന്നു.,Malayalam
ഇന്നത്തെ യുഗത്തെ ഒരു കൂട്ട വംശനാശ സംഭവത്തിന്റെ ഭാഗമായി തരം തിരിച്ചിരിക്കുന്നു.,Malayalam
 ഹോളോസീൻ വംശനാശ സംഭവം,Malayalam
 ഇതുവരെ സംഭവിച്ചതിൽ വച്ച് ഏറ്റവും വേഗതയേറിയത്.,Malayalam
[20][21] ഹാർവാർഡ് യൂണിവേഴ്‌സിറ്റിയിലെ E.O. വിൽസനെപ്പോലുള്ള ചിലർ,Malayalam
 മനുഷ്യൻ ജൈവമണ്ഡലത്തിന്റെ നാശത്തിന് കാരണമാകുമെന്ന് പ്രവചിക്കുന്നു,Malayalam
 അടുത്ത 100 വർഷത്തിനുള്ളിൽ എല്ലാ ജീവജാലങ്ങളുടെയും പകുതിയോളം വംശനാശം.,Malayalam
[22] നിലവിലുള്ള വംശനാശ സംഭവത്തിന്റെ വ്യാപ്തി ഇപ്പോഴും ഗവേഷണത്തിലാണ്,Malayalam
ജീവശാസ്ത്രജ്ഞർ ചർച്ച ചെയ്യുകയും കണക്കാക്കുകയും ചെയ്തു.,Malayalam
[23][24][25] ഭൂമിയുടെ അന്തരീക്ഷം ആവാസവ്യവസ്ഥയെ നിലനിർത്തുന്നതിനുള്ള ഒരു പ്രധാന ഘടകമാണ്.,Malayalam
ഭൂമിയെ വലയം ചെയ്യുന്ന വാതകങ്ങളുടെ നേർത്ത പാളി ഗുരുത്വാകർഷണത്താൽ നിലനിർത്തപ്പെടുന്നു.,Malayalam
വായു കൂടുതലും നൈട്രജൻ,Malayalam
 വളരെ ചെറിയ അളവിൽ കാർബൺ ഡൈ ഓക്സൈഡ്,Malayalam
ഉയരത്തിനനുസരിച്ച് അന്തരീക്ഷമർദ്ദം ക്രമാനുഗതമായി കുറയുന്നു.,Malayalam
ഓസോൺ പാളി ശോഷണത്തിൽ പ്രധാന പങ്ക് വഹിക്കുന്നു,Malayalam
 ഉപരിതലത്തിൽ എത്തുന്ന അൾട്രാവയലറ്റ് (UV) വികിരണത്തിന്റെ അളവ്.,Malayalam
അൾട്രാവയലറ്റ് പ്രകാശത്താൽ ഡിഎൻഎയ്ക്ക് കേടുപാടുകൾ സംഭവിക്കുന്നതിനാൽ,Malayalam
 ഇത് ഉപരിതലത്തിൽ ജീവൻ സംരക്ഷിക്കാൻ സഹായിക്കുന്നു.,Malayalam
രാത്രിയിലും അന്തരീക്ഷം ചൂട് നിലനിർത്തുന്നു.,Malayalam
 അതുവഴി ദൈനംദിന ഊഷ്മാവ് തീവ്രത കുറയ്ക്കുന്നു.,Malayalam
ഭൗമ കാലാവസ്ഥ മിക്കവാറും അന്തരീക്ഷത്തിന്റെ താഴത്തെ ഭാഗത്ത് മാത്രമാണ് സംഭവിക്കുന്നത്.,Malayalam
 താപം പുനർവിതരണം ചെയ്യുന്നതിനുള്ള ഒരു സംവഹന സംവിധാനമായി പ്രവർത്തിക്കുന്നു.,Malayalam
[26] കാലാവസ്ഥ നിർണയിക്കുന്ന മറ്റൊരു പ്രധാന ഘടകമാണ് സമുദ്ര പ്രവാഹങ്ങൾ.,Malayalam
 പ്രത്യേകിച്ച് വെള്ളത്തിനടിയിലെ പ്രധാന തെർമോഹൈൻ രക്തചംക്രമണം,Malayalam
 ഇത് ഭൂമധ്യരേഖാ സമുദ്രങ്ങളിൽ നിന്ന് ധ്രുവപ്രദേശങ്ങളിലേക്ക് താപ ഊർജ്ജം വിതരണം ചെയ്യുന്നു.,Malayalam
ഈ പ്രവാഹങ്ങൾ മോഡറേറ്റ് ചെയ്യാൻ സഹായിക്കുന്നു,Malayalam
 മിതശീതോഷ്ണ മേഖലകളിലെ ശൈത്യകാലവും വേനൽക്കാലവും തമ്മിലുള്ള താപനിലയിലെ വ്യത്യാസങ്ങൾ.,Malayalam
കൂടാതെ,Malayalam
 ഉഷ്ണമേഖലാ പ്രദേശങ്ങൾ കൂടുതൽ ചൂടുള്ളതും ധ്രുവപ്രദേശങ്ങൾ കൂടുതൽ തണുപ്പുള്ളതും ആയിരിക്കും.,Malayalam
കാലാവസ്ഥയ്ക്ക് ഗുണകരവും ദോഷകരവുമായ ഫലങ്ങൾ ഉണ്ടാകാം.,Malayalam
ചുഴലിക്കാറ്റുകൾ അല്ലെങ്കിൽ ചുഴലിക്കാറ്റുകൾ,Malayalam
 അവയുടെ പാതകളിൽ വലിയ അളവിൽ ഊർജ്ജം ചെലവഴിക്കുകയും നാശം ഉണ്ടാക്കുകയും ചെയ്യാം.,Malayalam
കാലാവസ്ഥയുടെ കാലാനുസൃതമായ വ്യതിയാനത്തെ ആശ്രയിച്ച് ഉപരിതല സസ്യങ്ങൾ പരിണമിച്ചു.,Malayalam
 ഏതാനും വർഷങ്ങൾ മാത്രം നീണ്ടുനിൽക്കുന്ന പെട്ടെന്നുള്ള മാറ്റങ്ങൾ നാടകീയമായ ഫലമുണ്ടാക്കും,Malayalam
 സസ്യജാലങ്ങളിലും അവയുടെ ഭക്ഷണത്തിനായി അതിന്റെ വളർച്ചയെ ആശ്രയിക്കുന്ന മൃഗങ്ങളിലും.,Malayalam
കാലാവസ്ഥയിലെ ദീർഘകാല പ്രവണതകളുടെ അളവുകോലാണ് കാലാവസ്ഥ.,Malayalam
കാലാവസ്ഥയെ സ്വാധീനിക്കുന്ന വിവിധ ഘടകങ്ങൾ അറിയപ്പെടുന്നു,Malayalam
 സമുദ്ര പ്രവാഹങ്ങൾ ഉൾപ്പെടെ,Malayalam
 ഉപരിതല ആൽബിഡോ,Malayalam
 സൗര പ്രകാശത്തിന്റെ വ്യതിയാനങ്ങൾ,Malayalam
 ഭൂമിയുടെ ഭ്രമണപഥത്തിലേക്കുള്ള മാറ്റങ്ങളും.,Malayalam
ചരിത്രരേഖകളുടെ അടിസ്ഥാനത്തിൽ,Malayalam
 ഹിമയുഗങ്ങൾ ഉൾപ്പെടെ മുൻകാലങ്ങളിൽ കടുത്ത കാലാവസ്ഥാ മാറ്റങ്ങൾക്ക് വിധേയമായി.,Malayalam
ഒരു പ്രദേശത്തിന്റെ കാലാവസ്ഥ പല ഘടകങ്ങളെ ആശ്രയിച്ചിരിക്കുന്നു:,Malayalam
 പ്രത്യേകിച്ച് അക്ഷാംശം.,Malayalam
അത്തരം നിരവധി പ്രദേശങ്ങളുണ്ട്,Malayalam
 ഭൂമധ്യരേഖയിലെ ഉഷ്ണമേഖലാ കാലാവസ്ഥ മുതൽ വടക്കൻ,Malayalam
ഋതുക്കളും കാലാവസ്ഥയെ സ്വാധീനിക്കുന്നു,Malayalam
 ഭൂമിയുടെ അച്ചുതണ്ട് അതിന്റെ പരിക്രമണ തലവുമായി താരതമ്യപ്പെടുത്തുമ്പോൾ അതിന്റെ ഫലമായി.,Malayalam
അതിനാൽ,Malayalam
 ഭൂമിയുടെ ഒരു ഭാഗം സൂര്യന്റെ കിരണങ്ങൾക്ക് നേരിട്ട് വിധേയമാണ്.,Malayalam
ഭൂമി അതിന്റെ ഭ്രമണപഥത്തിൽ കറങ്ങുമ്പോൾ ഈ എക്സ്പോഷർ മാറിമാറി വരുന്നു.,Malayalam
ഏത് സമയത്തും,Malayalam
 വടക്കൻ,Malayalam
പരിസ്ഥിതിയിലെ ചെറിയ മാറ്റങ്ങളാൽ എളുപ്പത്തിൽ പരിഷ്കരിക്കപ്പെടുന്ന ഒരു താറുമാറായ സംവിധാനമാണ് കാലാവസ്ഥ,Malayalam
 അതിനാൽ കൃത്യമായ കാലാവസ്ഥാ പ്രവചനം ഏതാനും ദിവസങ്ങളിൽ മാത്രമായി പരിമിതപ്പെടുത്തിയിരിക്കുന്നു.,Malayalam
[27] മൊത്തത്തിൽ,Malayalam
 (1) ശരാശരി താപനില വർദ്ധിക്കുന്നു;,Malayalam
 കൂടാതെ (2) പ്രാദേശിക കാലാവസ്ഥകൾ ശ്രദ്ധേയമായ മാറ്റങ്ങൾക്ക് വിധേയമായിക്കൊണ്ടിരിക്കുകയാണ്.,Malayalam
[28] വെള്ളം ചേർന്ന ഒരു രാസവസ്തുവാണ്,Malayalam
 ഹൈഡ്രജനും ഓക്സിജനും (H2O) അറിയപ്പെടുന്ന എല്ലാ ജീവജാലങ്ങൾക്കും പ്രധാനമാണ്.,Malayalam
[29] സാധാരണ ഉപയോഗത്തിൽ,Malayalam
 എന്നാൽ പദാർത്ഥത്തിന് ഒരു ഖരാവസ്ഥയുണ്ട്,Malayalam
ഒരു വാതകാവസ്ഥ,Malayalam
ഭൂമിയുടെ ഉപരിതലത്തിന്റെ 71% വെള്ളമാണ്.,Malayalam
[30] ഭൂമിയിൽ,Malayalam
 1.6% ജലം ഭൂഗർഭ ജലാശയങ്ങളിലും 0.001% വായുവിൽ നീരാവിയായും,Malayalam
 മേഘങ്ങളും മഴയും.,Malayalam
[31][32] സമുദ്രങ്ങൾ ഉപരിതല ജലത്തിന്റെ 97%,Malayalam
 നദികൾ പോലെയുള്ള മറ്റ് ഭൂഗർഭ ജലം,Malayalam
 തടാകങ്ങൾ,Malayalam
കൂടാതെ,Malayalam
ബയോളജിക്കൽ ബോഡികളിലും നിർമ്മിച്ച ഉൽപ്പന്നങ്ങളിലും അടങ്ങിയിരിക്കുന്നു.,Malayalam
ഒരു സമുദ്രം ഉപ്പുവെള്ളത്തിന്റെ ഒരു പ്രധാന ശേഖരമാണ്,Malayalam
സാധാരണഗതിയിൽ പല പ്രധാന സമുദ്രങ്ങളായും ചെറിയ സമുദ്രങ്ങളായും വിഭജിച്ചിരിക്കുന്ന തുടർച്ചയായ ജലാശയം.,Malayalam
ഈ പ്രദേശത്തിന്റെ പകുതിയിലധികവും 3,Malayalam
ശരാശരി സമുദ്രത്തിലെ ലവണാംശം ആയിരത്തിൽ 35 ഭാഗമാണ് (പിപിടി) (3.5%),Malayalam
മിക്കവാറും എല്ലാ സമുദ്രജലത്തിലും 30 മുതൽ 38 ppt വരെ ലവണാംശമുണ്ട്.,Malayalam
പല 'പ്രത്യേക' സമുദ്രങ്ങളായി പൊതുവെ അംഗീകരിക്കപ്പെട്ടിട്ടുണ്ടെങ്കിലും,Malayalam
 പരസ്പരബന്ധിതമായ ഉപ്പുവെള്ളം പലപ്പോഴും ലോക മഹാസമുദ്രം അല്ലെങ്കിൽ ആഗോള സമുദ്രം എന്ന് വിളിക്കപ്പെടുന്നു.,Malayalam
[33][34] ഒരു തുടർച്ചയായ ശരീരമെന്ന നിലയിൽ ആഗോള സമുദ്രം എന്ന ആശയം,Malayalam
[35] പ്രധാന സമുദ്ര വിഭജനങ്ങളെ ഭാഗികമായി ഭൂഖണ്ഡങ്ങൾ നിർവചിച്ചിരിക്കുന്നു.,Malayalam
വിവിധ ദ്വീപസമൂഹങ്ങളും മറ്റ് മാനദണ്ഡങ്ങളും:,Malayalam
 ഈ വിഭജനങ്ങൾ (വലുപ്പത്തിന്റെ അവരോഹണ ക്രമത്തിൽ) പസഫിക് സമുദ്രം,Malayalam
 അറ്റ്ലാന്റിക് സമുദ്രം,Malayalam
സമുദ്രങ്ങളുടെ ചെറിയ പ്രദേശങ്ങളെ കടലുകൾ,Malayalam
ഉപ്പ് തടാകങ്ങളും ഉണ്ട്,Malayalam
ഉപ്പ് തടാകങ്ങളുടെ രണ്ട് ശ്രദ്ധേയമായ ഉദാഹരണങ്ങളാണ് ആറൽ കടലും ഗ്രേറ്റ് സാൾട്ട് തടാകവും.,Malayalam
തടാകം (ലാറ്റിൻ പദമായ ലാക്കസിൽ നിന്ന്) ഒരു ഭൂപ്രദേശ സവിശേഷതയാണ് (അല്ലെങ്കിൽ ഭൗതിക സവിശേഷത),Malayalam
 തടത്തിന്റെ അടിയിൽ പ്രാദേശികവൽക്കരിക്കപ്പെട്ട ഒരു ലോകത്തിന്റെ ഉപരിതലത്തിലുള്ള ഒരു ദ്രാവക ശരീരം,Malayalam
 (മറ്റൊരു തരം ഭൂപ്രകൃതി അല്ലെങ്കിൽ ഭൂപ്രകൃതി സവിശേഷത; അതായത്,Malayalam
 അത് ആഗോളമല്ല) കൂടാതെ അത് നീങ്ങുകയാണെങ്കിൽ പതുക്കെ നീങ്ങുന്നു.,Malayalam
ഭൂമിയിൽ,Malayalam
സമുദ്രത്തിന്റെ ഭാഗമല്ല,Malayalam
 ഒരു കുളത്തേക്കാൾ വലുതും ആഴമേറിയതുമാണ്,Malayalam
[36] [37] തടാകങ്ങൾ ഉള്ളതായി അറിയപ്പെടുന്ന ഭൂമി ഒഴികെയുള്ള ഏക ലോകം ടൈറ്റൻ ആണ്.,Malayalam
 ഈഥെയ്ൻ തടാകങ്ങളുള്ള ശനിയുടെ ഏറ്റവും വലിയ ഉപഗ്രഹം,Malayalam
ടൈറ്റന്റെ തടാകങ്ങൾ നദികളാൽ പോഷിപ്പിക്കപ്പെടുന്നുണ്ടോ എന്ന് അറിയില്ല.,Malayalam
ടൈറ്റന്റെ ഉപരിതലം നിരവധി നദീതടങ്ങളാൽ കൊത്തിയെടുത്തതാണ്.,Malayalam
ഭൂമിയിലെ പ്രകൃതിദത്ത തടാകങ്ങൾ പൊതുവെ പർവതപ്രദേശങ്ങളിലും വിള്ളലുകളിലും കാണപ്പെടുന്നു.,Malayalam
 നിലവിലുള്ളതോ അടുത്തിടെയുള്ളതോ ആയ ഹിമാനികൾ ഉള്ള പ്രദേശങ്ങളും.,Malayalam
മറ്റ് തടാകങ്ങൾ എൻഡോർഹൈക് തടങ്ങളിലോ മുതിർന്ന നദികളുടെ തീരങ്ങളിലോ കാണപ്പെടുന്നു.,Malayalam
ലോകത്തിന്റെ ചില ഭാഗങ്ങളിൽ,Malayalam
കഴിഞ്ഞ ഹിമയുഗത്തിൽ അവശേഷിച്ച അരാജകമായ ഡ്രെയിനേജ് പാറ്റേണുകൾ കാരണം നിരവധി തടാകങ്ങളുണ്ട്.,Malayalam
എല്ലാ തടാകങ്ങളും ഭൂമിശാസ്ത്രപരമായ സമയ സ്കെയിലുകളിൽ താൽക്കാലികമാണ്,Malayalam
 അവ സാവധാനം അവശിഷ്ടങ്ങൾ കൊണ്ട് നിറയും അല്ലെങ്കിൽ അവ അടങ്ങിയ തടത്തിൽ നിന്ന് പുറത്തേക്ക് ഒഴുകും.,Malayalam
പ്രകൃതിദത്തമായോ മനുഷ്യനിർമ്മിതമായോ തങ്ങിനിൽക്കുന്ന ജലാശയമാണ് കുളം.,Malayalam
 അത് സാധാരണയായി ഒരു തടാകത്തേക്കാൾ ചെറുതാണ്.,Malayalam
മനുഷ്യനിർമിത ജലാശയങ്ങളെ കുളങ്ങളായി തരംതിരിച്ചിരിക്കുന്നു.,Malayalam
സൗന്ദര്യാത്മക അലങ്കാരത്തിനായി രൂപകൽപ്പന ചെയ്ത വാട്ടർ ഗാർഡനുകൾ ഉൾപ്പെടെ,Malayalam
 വാണിജ്യ മത്സ്യ പ്രജനനത്തിനായി രൂപകൽപ്പന ചെയ്ത മത്സ്യക്കുളങ്ങൾ,Malayalam
 കൂടാതെ താപ ഊർജം സംഭരിക്കാൻ രൂപകൽപ്പന ചെയ്ത സോളാർ കുളങ്ങളും.,Malayalam
കുളങ്ങളും തടാകങ്ങളും നിലവിലെ വേഗതയിൽ നിന്ന് അരുവികളിൽ നിന്ന് വേർതിരിച്ചിരിക്കുന്നു.,Malayalam
സ്ട്രീമുകളിലെ വൈദ്യുതധാരകൾ എളുപ്പത്തിൽ നിരീക്ഷിക്കപ്പെടുമ്പോൾ,Malayalam
ഈ സവിശേഷതകൾ ഒരു കുളത്തെ മറ്റ് പല ജല ഭൂപ്രദേശ സവിശേഷതകളിൽ നിന്നും വേർതിരിക്കുന്നു,Malayalam
സ്ട്രീം പൂളുകളും ടൈഡ് പൂളുകളും പോലെ.,Malayalam
ഒരു നദി ഒരു സ്വാഭാവിക ജലപാതയാണ്,Malayalam
 ഒരു സമുദ്രത്തിലേക്കോ തടാകത്തിലേക്കോ കടലിലേക്കോ മറ്റൊരു നദിയിലേക്കോ ഒഴുകുന്നു.,Malayalam
ചില സന്ദർഭങ്ങളിൽ,Malayalam
ചെറിയ നദികളെ മറ്റു പല പേരുകളിലും വിളിക്കാം.,Malayalam
 അരുവി,Malayalam
നദി എന്ന് വിളിക്കാവുന്നതിനെ നിർവചിക്കുന്ന ഒരു പൊതു നിയമവുമില്ല.,Malayalam
ചെറിയ നദികളുടെ പല പേരുകളും ഭൂമിശാസ്ത്രപരമായ സ്ഥാനത്തിന് പ്രത്യേകമാണ്;,Malayalam
 സ്‌കോട്ട്‌ലൻഡിലെ ബേൺ,Malayalam
ചിലപ്പോൾ ഒരു നദി ഒരു അരുവിയേക്കാൾ വലുതാണെന്ന് പറയപ്പെടുന്നു.,Malayalam
എന്നാൽ ഭാഷയിലെ അവ്യക്തത കാരണം ഇത് എല്ലായ്പ്പോഴും അങ്ങനെയല്ല.,Malayalam
[39] ഒരു നദി ജലശാസ്ത്ര ചക്രത്തിന്റെ ഭാഗമാണ്.,Malayalam
ഒരു നദിക്കുള്ളിലെ ജലം സാധാരണയായി മഴയിൽ നിന്നാണ് ഉപരിതല ഒഴുക്കിലൂടെ ശേഖരിക്കുന്നത്.,Malayalam
 ഭൂഗർഭജല റീചാർജ്,Malayalam
പ്രകൃതിദത്തമായ മഞ്ഞുപാളികളിലും മഞ്ഞുപാളികളിലും (അതായത്,Malayalam
ഒരു പ്രവാഹം ഉള്ള ഒരു ജലാശയമാണ് അരുവി,Malayalam
 ഒരു കിടക്കയിലും അരുവിക്കരയിലും ഒതുങ്ങി.,Malayalam
യുണൈറ്റഡ് സ്റ്റേറ്റ്സിൽ,Malayalam
ജലചക്രത്തിലെ ചാലകങ്ങൾ എന്ന നിലയിൽ അരുവികൾ പ്രധാനമാണ്.,Malayalam
 ഭൂഗർഭജലം റീചാർജ് ചെയ്യുന്നതിനുള്ള ഉപകരണങ്ങൾ,Malayalam
മത്സ്യങ്ങളുടെയും വന്യജീവികളുടെയും കുടിയേറ്റത്തിനുള്ള ഇടനാഴികളായി അവ പ്രവർത്തിക്കുന്നു.,Malayalam
ഒരു അരുവിയുടെ തൊട്ടടുത്തുള്ള ജൈവ ആവാസവ്യവസ്ഥയെ റിപ്പേറിയൻ സോൺ എന്ന് വിളിക്കുന്നു.,Malayalam
ഹോളോസീൻ വംശനാശത്തിന്റെ അവസ്ഥ കണക്കിലെടുത്ത്,Malayalam
 ഹൈഡ്രോളജി,Malayalam
 മത്സ്യ ജീവശാസ്ത്രം,Malayalam
പരസ്പരബന്ധിതമായ രീതിയിൽ പ്രവർത്തിക്കുന്ന വൈവിധ്യമാർന്ന ബയോട്ടിക്,Malayalam
[41] പരസ്പരം ബന്ധപ്പെട്ടിരിക്കുന്ന വിവിധ പാരിസ്ഥിതിക ഘടകങ്ങളാൽ ഘടനയും ഘടനയും നിർണ്ണയിക്കപ്പെടുന്നു.,Malayalam
ഈ ഘടകങ്ങളുടെ വ്യതിയാനങ്ങൾ ആവാസവ്യവസ്ഥയിൽ ചലനാത്മകമായ മാറ്റങ്ങൾക്ക് തുടക്കമിടും.,Malayalam
മണ്ണ്,Malayalam
 സൂര്യൻ,Malayalam
ഇക്കോസിസ്റ്റം സങ്കൽപ്പത്തിന്റെ കേന്ദ്രം ജീവിക്കുന്നത് അല്ലെങ്കിൽ എന്ന ആശയമാണ്,Malayalam
ഗണങ്ങൾ അവയുടെ പ്രാദേശിക പരിതസ്ഥിതിയിലെ മറ്റെല്ലാ ഘടകങ്ങളുമായും ഇടപഴകുന്നു.,Malayalam
"പരിസ്ഥിതിശാസ്ത്രത്തിന്റെ സ്ഥാപകനായ യൂജിൻ ഒഡം പ്രസ്താവിച്ചു: ""എല്ലാം ഉൾക്കൊള്ളുന്ന ഏതൊരു യൂണിറ്റും",Malayalam
"ഒരു നിശ്ചിത പ്രദേശത്തെ ജീവികൾ (അതായത്: ""സമൂഹം"") ഭൗതികവുമായി ഇടപഴകുന്നു",Malayalam
 പരിസ്ഥിതി,Malayalam
 ജൈവ വൈവിധ്യവും ഭൗതിക ചക്രങ്ങളും (അതായത്,Malayalam
"[42] ആവാസവ്യവസ്ഥയ്ക്കുള്ളിൽ, ജീവിവർഗങ്ങൾ പരസ്പരം ബന്ധപ്പെട്ടിരിക്കുന്നു, ഭക്ഷ്യ ശൃംഖലയിൽ പരസ്പരം ആശ്രയിക്കുന്നു,
 ഒപ്പം ഊർജവും ദ്രവ്യവും തങ്ങൾക്കുമിടയിലും പരിസ്ഥിതിയുമായി കൈമാറ്റം ചെയ്യുകയും ചെയ്യുന്നു.
[43] മനുഷ്യ ആവാസവ്യവസ്ഥയുടെ ആശയം മനുഷ്യനെ/പ്രകൃതിയെ അടിസ്ഥാനമാക്കിയുള്ളതാണ്
 ദ്വിത്വവും എല്ലാ ജീവജാലങ്ങളും പാരിസ്ഥിതികമായി പരസ്പരം ആശ്രയിച്ചിരിക്കുന്നു എന്ന ആശയം
 അതുപോലെ അവരുടെ ബയോടോപ്പിലെ അജിയോട്ടിക് ഘടകങ്ങളുമായി.
[44] വലിപ്പത്തിന്റെ ഒരു ചെറിയ യൂണിറ്റിനെ മൈക്രോ ഇക്കോസിസ്റ്റം എന്ന് വിളിക്കുന്നു.
ഉദാഹരണത്തിന്, ഒരു മൈക്രോസിസ്റ്റം ഒരു കല്ലും അതിന് കീഴിലുള്ള മുഴുവൻ ജീവിതവും ആകാം.
ഒരു മാക്രോ ഇക്കോസിസ്റ്റം ഒരു മുഴുവൻ പാരിസ്ഥിതിക മേഖലയും ഉൾപ്പെട്ടേക്കാം,
 അതിന്റെ ഡ്രെയിനേജ് ബേസിൻ കൂടെ.
[45] മനുഷ്യന്റെ പ്രവർത്തനങ്ങളാൽ കാര്യമായ മാറ്റങ്ങൾ വരുത്താത്ത പ്രദേശങ്ങളെയാണ് വന്യതയെ പൊതുവെ നിർവചിക്കുന്നത്.
സംരക്ഷണ കേന്ദ്രങ്ങൾ, എസ്റ്റേറ്റുകൾ, ഫാമുകൾ, എന്നിവയിൽ വന്യമായ പ്രദേശങ്ങൾ കാണാം.
സംരക്ഷണ സംരക്ഷണം, റാഞ്ചുകൾ, ദേശീയ വനങ്ങൾ,
 ദേശീയ ഉദ്യാനങ്ങൾ, നദികൾക്കടുത്തുള്ള നഗരപ്രദേശങ്ങളിൽ പോലും,
 gulches, അല്ലെങ്കിൽ മറ്റുതരത്തിൽ അവികസിത പ്രദേശങ്ങൾ.
വന്യപ്രദേശങ്ങളും സംരക്ഷിത പാർക്കുകളുമാണ് പരിഗണിക്കുന്നത്
ചില ജീവജാലങ്ങളുടെ നിലനിൽപ്പിന് പ്രധാനമാണ്, പാരിസ്ഥിതിക പഠനങ്ങൾ,
 സംരക്ഷണം, ഏകാന്തത.
മനുഷ്യന്റെ ആത്മാവിനും സർഗ്ഗാത്മകതയ്ക്കും മരുഭൂമികൾ അത്യന്താപേക്ഷിതമാണെന്ന് ചില പ്രകൃതി എഴുത്തുകാർ വിശ്വസിക്കുന്നു.
[46] ചില പാരിസ്ഥിതിക ശാസ്ത്രജ്ഞർ മരുഭൂമിയെ ഒരു പ്രദേശമായി കണക്കാക്കുന്നു
 ഭൂമിയുടെ സ്വയം-സുസ്ഥിരമായ പ്രകൃതി പരിസ്ഥിതി വ്യവസ്ഥയുടെ (ബയോസ്ഫിയർ) അവിഭാജ്യ ഭാഗം.
അവയ്ക്ക് ചരിത്രപരമായ ജനിതക സവിശേഷതകളും ആവാസ വ്യവസ്ഥയും സംരക്ഷിച്ചേക്കാം
 മൃഗശാലകളിലോ അർബോറെറ്റങ്ങളിലോ ലബോറട്ടറികളിലോ പുനർനിർമ്മിക്കാൻ ബുദ്ധിമുട്ടുള്ളതോ അസാധ്യമോ ആയ വന്യ സസ്യജന്തുജാലങ്ങൾ.
ജീവിതത്തിന്റെ നിർവചനത്തിൽ സാർവത്രിക ഉടമ്പടി ഇല്ലെങ്കിലും,
 ജീവന്റെ ജൈവിക പ്രകടനത്തിന്റെ സവിശേഷത സംഘടനാ സ്വഭാവമാണെന്ന് ശാസ്ത്രജ്ഞർ പൊതുവെ അംഗീകരിക്കുന്നു.
 ഉപാപചയം, വളർച്ച, പൊരുത്തപ്പെടുത്തൽ, ഉത്തേജകങ്ങളോടുള്ള പ്രതികരണം, പുനരുൽപാദനം.
[47] ജീവജാലങ്ങളുടെ സ്വഭാവസവിശേഷതയാണ് ജീവൻ എന്നും പറയാം.
ഭൗമ ജീവികൾക്ക് (സസ്യങ്ങൾ, മൃഗങ്ങൾ, ഫംഗസ്, പ്രോട്ടിസ്റ്റുകൾ,
ആർക്കിയയും ബാക്ടീരിയയും) അവ സെല്ലുലാർ, കാർബൺ-ജല-അധിഷ്ഠിത സങ്കീർണ്ണമായ ഓർഗനൈസേഷനാണ്,
 ഒരു മെറ്റബോളിസം, വളരാനും ഉത്തേജകങ്ങളോട് പ്രതികരിക്കാനും പുനരുൽപ്പാദിപ്പിക്കാനുമുള്ള ശേഷി.
ഈ ഗുണങ്ങളുള്ള ഒരു വസ്തുവിനെ പൊതുവെ ജീവനായി കണക്കാക്കുന്നു.
എന്നിരുന്നാലും, ജീവിതത്തിന്റെ എല്ലാ നിർവചനങ്ങളും ഈ ഗുണങ്ങളെല്ലാം അത്യാവശ്യമാണെന്ന് കരുതുന്നില്ല.
ജീവന്റെ മനുഷ്യനിർമ്മിത അനലോഗുകളും ജീവിതമായി കണക്കാക്കാം.
ഭൂമിയുടെ പുറം ഷെല്ലിന്റെ ഭാഗമാണ് ബയോസ്ഫിയർ - ഭൂമി ഉൾപ്പെടെ,
ഉപരിതല പാറകൾ, ജലം, വായു, അന്തരീക്ഷം എന്നിവയിൽ ജീവൻ ഉണ്ടാകുന്നു,
 കൂടാതെ ഏത് ബയോട്ടിക് പ്രക്രിയകൾ മാറുന്നു അല്ലെങ്കിൽ രൂപാന്തരപ്പെടുന്നു.
വിശാലമായ ജിയോഫിസിയോളജിക്കൽ വീക്ഷണകോണിൽ നിന്ന്,
 എല്ലാ ജീവജാലങ്ങളെയും അവയുടെ ബന്ധങ്ങളെയും സമന്വയിപ്പിക്കുന്ന ആഗോള പാരിസ്ഥിതിക വ്യവസ്ഥയാണ് ബയോസ്ഫിയർ,
ലിത്തോസ്ഫിയർ (പാറകൾ), ഹൈഡ്രോസ്ഫിയർ (ജലം), അന്തരീക്ഷം (വായു) എന്നിവയുടെ മൂലകങ്ങളുമായുള്ള അവരുടെ ഇടപെടൽ ഉൾപ്പെടെ.
മുഴുവൻ ഭൂമിയിലും 75 ബില്യൺ ടൺ (150 ട്രില്യൺ പൗണ്ട് അല്ലെങ്കിൽ ഏകദേശം 6.8—1013 കിലോഗ്രാം) ജൈവവസ്തുക്കൾ (ജീവൻ) അടങ്ങിയിരിക്കുന്നു.
 ജൈവമണ്ഡലത്തിനുള്ളിലെ വിവിധ പരിതസ്ഥിതികളിൽ ജീവിക്കുന്നത്.
[48] ​​ഭൂമിയിലെ മൊത്തം ബയോമാസിന്റെ ഒൻപത് പത്തിലധികവും സസ്യജീവമാണ്.
 മൃഗങ്ങളുടെ ജീവൻ അതിന്റെ നിലനിൽപ്പിന് വളരെയധികം ആശ്രയിച്ചിരിക്കുന്നു.
[49] ഇന്നുവരെ 2 ദശലക്ഷത്തിലധികം സസ്യ-ജന്തുജാലങ്ങളെ തിരിച്ചറിഞ്ഞിട്ടുണ്ട്,[50]
 നിലവിലുള്ള ജീവിവർഗങ്ങളുടെ യഥാർത്ഥ എണ്ണത്തിന്റെ കണക്കുകൾ നിരവധി ദശലക്ഷങ്ങൾ മുതൽ 50 ദശലക്ഷത്തിലധികം വരും.
[51][52][53] വ്യക്തിഗത ജീവജാലങ്ങളുടെ എണ്ണം നിരന്തരം ഒരു പരിധിവരെ ഒഴുകിക്കൊണ്ടിരിക്കുന്നു,
 പുതിയ ജീവിവർഗ്ഗങ്ങൾ പ്രത്യക്ഷപ്പെടുകയും മറ്റുള്ളവ തുടർച്ചയായി നിലനിൽക്കാതിരിക്കുകയും ചെയ്യുന്നു.
മൊത്തം ജീവജാലങ്ങളുടെ എണ്ണം അതിവേഗം കുറയുന്നു.
ഭൂമിയിലെ ജീവന്റെ ഉത്ഭവം നന്നായി മനസ്സിലായിട്ടില്ല.
 എന്നാൽ ഇത് കുറഞ്ഞത് 3.5 ബില്യൺ വർഷങ്ങൾക്ക് മുമ്പ് സംഭവിച്ചതായി അറിയപ്പെടുന്നു,
ആദിമ ഭൂമിയിലെ ഹാഡിയൻ അല്ലെങ്കിൽ ആർക്കിയൻ യുഗങ്ങളിൽ അത്
 ഇപ്പോഴുള്ളതിൽ നിന്നും കാര്യമായ വ്യത്യസ്തമായ അന്തരീക്ഷം ഉണ്ടായിരുന്നു.
[64] ഈ ജീവരൂപങ്ങൾക്ക് അടിസ്ഥാന സ്വഭാവങ്ങൾ ഉണ്ടായിരുന്നു
 സ്വയം പകർത്തലിന്റെയും പാരമ്പര്യ സ്വഭാവങ്ങളുടെയും.
ജീവൻ പ്രത്യക്ഷപ്പെട്ടുകഴിഞ്ഞാൽ, സ്വാഭാവിക പരിണാമ പ്രക്രിയ
 തിരഞ്ഞെടുക്കൽ കൂടുതൽ വൈവിധ്യമാർന്ന ജീവിത രൂപങ്ങളുടെ വികാസത്തിൽ കലാശിച്ചു.
മാറിക്കൊണ്ടിരിക്കുന്ന പരിസ്ഥിതിയുമായി പൊരുത്തപ്പെടാൻ കഴിയാത്ത ജീവിവർഗ്ഗങ്ങൾ
 മറ്റ് ജീവജാലങ്ങളിൽ നിന്നുള്ള മത്സരം വംശനാശം സംഭവിച്ചു.
എന്നിരുന്നാലും, ഫോസിൽ രേഖകൾ ഈ പഴയ ജീവികളിൽ പലതിന്റെയും തെളിവുകൾ നിലനിർത്തുന്നു.
നിലവിലുള്ള എല്ലാ ജീവജാലങ്ങളും ഉണ്ടെന്ന് നിലവിലെ ഫോസിൽ, ഡിഎൻഎ തെളിവുകൾ കാണിക്കുന്നു
ആദ്യത്തെ പ്രാകൃത ജീവരൂപങ്ങളിലേക്ക് തുടർച്ചയായ പൂർവ്വികരെ കണ്ടെത്താൻ കഴിയും.
[64] സസ്യജീവിതത്തിന്റെ അടിസ്ഥാന രൂപങ്ങൾ ഫോട്ടോസിന്തസിസ് പ്രക്രിയ വികസിപ്പിച്ചപ്പോൾ
 കൂടുതൽ സങ്കീർണ്ണമായ ജീവിത രൂപങ്ങൾ അനുവദിക്കുന്ന സാഹചര്യങ്ങൾ സൃഷ്ടിക്കാൻ സൂര്യന്റെ ഊർജ്ജം ശേഖരിക്കാനാകും.
[65] തത്ഫലമായുണ്ടാകുന്ന ഓക്സിജൻ അന്തരീക്ഷത്തിൽ അടിഞ്ഞുകൂടി
 ഓസോൺ പാളിക്ക് കാരണമായി.
വലിയ കോശങ്ങൾക്കുള്ളിൽ ചെറിയ കോശങ്ങൾ കൂട്ടിച്ചേർക്കപ്പെട്ടു
 യൂക്കറിയോട്ടുകൾ എന്നറിയപ്പെടുന്ന കൂടുതൽ സങ്കീർണ്ണമായ കോശങ്ങളുടെ വികസനത്തിൽ.
[66] കോളനികൾക്കുള്ളിലെ കോശങ്ങൾ കൂടുതൽ സ്പെഷ്യലൈസ് ചെയ്തു,
യഥാർത്ഥ ബഹുകോശ ജീവികൾക്ക് കാരണമാകുന്നു.
ഹാനികരമായ അൾട്രാവയലറ്റ് വികിരണം ആഗിരണം ചെയ്യുന്ന ഓസോൺ പാളിയാൽ,
 ജീവൻ ഭൂമിയുടെ ഉപരിതലത്തെ കോളനിയാക്കി.
ഭൂമിയിൽ ആദ്യമായി വികസിച്ച ജീവന്റെ രൂപം സൂക്ഷ്മാണുക്കൾ ആയിരുന്നു.
 അവർ ഏകദേശം ഒരു ബില്യൺ വരെ ജീവന്റെ ഏക രൂപമായി തുടർന്നു
 വർഷങ്ങൾക്ക് മുമ്പ് മൾട്ടി-സെല്ലുലാർ ജീവികൾ പ്രത്യക്ഷപ്പെടാൻ തുടങ്ങിയപ്പോൾ.
[67] പൊതുവെ സൂക്ഷ്മമായ ഏകകോശ ജീവികളാണ് സൂക്ഷ്മാണുക്കൾ,
 മനുഷ്യനേത്രങ്ങൾക്ക് കാണാൻ കഴിയുന്നതിനേക്കാൾ ചെറുതും.
അവയിൽ ബാക്ടീരിയ, ഫംഗസ്, ആർക്കിയ, പ്രോട്ടിസ്റ്റ എന്നിവ ഉൾപ്പെടുന്നു.
ദ്രവജലമുള്ള ഭൂമിയിലെ മിക്കവാറും എല്ലാ സ്ഥലങ്ങളിലും ഈ ജീവരൂപങ്ങൾ കാണപ്പെടുന്നു.
 ഭൂമിയുടെ ഉൾവശം ഉൾപ്പെടെ.
അവയുടെ പുനരുൽപാദനം വേഗമേറിയതും സമൃദ്ധവുമാണ്.",Malayalam
ഉയർന്ന മ്യൂട്ടേഷൻ റേറ്റിന്റെയും തിരശ്ചീനത്തിന്റെയും സംയോജനം,Malayalam
 ജീൻ കൈമാറ്റം[69] കഴിവ് അവരെ വളരെ അനുയോജ്യമാക്കുന്നു,Malayalam
 ബഹിരാകാശം ഉൾപ്പെടെയുള്ള പുതിയ പരിതസ്ഥിതികളിൽ അതിജീവിക്കാനും കഴിയും.,Malayalam
[70] അവ ഗ്രഹ ആവാസവ്യവസ്ഥയുടെ ഒരു പ്രധാന ഭാഗമാണ്.,Malayalam
എന്നിരുന്നാലും,Malayalam
മറ്റ് ജീവജാലങ്ങൾക്ക് ആരോഗ്യ അപകടമുണ്ടാക്കാം.,Malayalam
യഥാർത്ഥത്തിൽ അരിസ്റ്റോട്ടിൽ എല്ലാ ജീവജാലങ്ങളെയും സസ്യങ്ങൾക്കിടയിൽ വിഭജിച്ചു.,Malayalam
 മനുഷ്യർക്കും മൃഗങ്ങൾക്കും ശ്രദ്ധിക്കാൻ കഴിയുന്നത്ര വേഗത്തിൽ നീങ്ങാത്തവ.,Malayalam
ലിന്നേയസിന്റെ സമ്പ്രദായത്തിൽ ഇവ രാജ്യങ്ങളായി മാറി,Malayalam
 വെജിറ്റബിലിയയും (പിന്നീട് പ്ലാന്റേ) അനിമാലിയയും.,Malayalam
അന്നുമുതൽ,Malayalam
 യഥാർത്ഥത്തിൽ നിർവചിക്കപ്പെട്ടതിൽ ബന്ധമില്ലാത്ത നിരവധി ഗ്രൂപ്പുകൾ ഉൾപ്പെടുന്നു,Malayalam
കൂടാതെ കുമിളുകളും നിരവധി ആൽഗകളും പുതിയ രാജ്യങ്ങളിലേക്ക് നീക്കം ചെയ്യപ്പെട്ടു.,Malayalam
എന്നിരുന്നാലും,Malayalam
ബാക്ടീരിയയുടെ ജീവൻ ചിലപ്പോൾ സസ്യജാലങ്ങളിൽ ഉൾപ്പെടുന്നു.,Malayalam
[71][72] ചില വർഗ്ഗീകരണങ്ങൾ ബാക്ടീരിയൽ എന്ന പദം ഉപയോഗിക്കുന്നു,Malayalam
സസ്യജാലങ്ങളിൽ നിന്ന് പ്രത്യേകം സസ്യജാലങ്ങൾ.,Malayalam
സസ്യങ്ങളെ തരംതിരിക്കുന്നതിനുള്ള നിരവധി മാർഗങ്ങളിൽ ഉൾപ്പെടുന്നു,Malayalam
 പ്രാദേശിക സസ്യജാലങ്ങൾ,Malayalam
 മുൻ കാലഘട്ടത്തിലെ സസ്യജാലങ്ങളുടെ അവശിഷ്ടങ്ങൾ,Malayalam
പല പ്രദേശങ്ങളിലെയും രാജ്യങ്ങളിലെയും ആളുകൾ വളരെ അഭിമാനിക്കുന്നു,Malayalam
 അവയുടെ സ്വഭാവ സവിശേഷതകളായ സസ്യജാലങ്ങളുടെ വ്യക്തിഗത ശ്രേണികൾ,Malayalam
 വ്യത്യാസങ്ങൾ കാരണം ലോകമെമ്പാടും വ്യാപകമായി വ്യത്യാസപ്പെടാം,Malayalam
 കാലാവസ്ഥയിലും ഭൂപ്രദേശത്തും.,Malayalam
പ്രാദേശിക സസ്യജാലങ്ങളെ സാധാരണയായി പ്രാദേശിക സസ്യങ്ങൾ പോലെയുള്ള വിഭാഗങ്ങളായി തിരിച്ചിരിക്കുന്നു,Malayalam
കാർഷിക,Malayalam
 അവയിൽ അവസാനമായി പരാമർശിച്ചവ മനഃപൂർവം വളർത്തുകയും കൃഷി ചെയ്യുകയും ചെയ്യുന്നു.,Malayalam
"ചില തരം ""നേറ്റീവ് ഫ്ലോറ"" യഥാർത്ഥത്തിൽ നൂറ്റാണ്ടുകൾക്ക് മുമ്പ് അവതരിപ്പിക്കപ്പെട്ടതാണ്",Malayalam
ഒരു പ്രദേശത്ത് നിന്നോ ഭൂഖണ്ഡത്തിൽ നിന്നോ മറ്റൊരിടത്തേക്ക് കുടിയേറുന്ന ആളുകളാൽ,Malayalam
 നാട്ടുകാരുടെ അവിഭാജ്യ ഘടകമായി മാറുകയും,Malayalam
 അല്ലെങ്കിൽ അവർ പരിചയപ്പെടുത്തിയ സ്ഥലത്തിന്റെ സ്വാഭാവിക സസ്യജാലങ്ങൾ.,Malayalam
മനുഷ്യരുടെ ഇടപെടൽ എങ്ങനെയെന്നതിന്റെ ഉദാഹരണമാണിത്,Malayalam
പ്രകൃതിയോടൊപ്പം പ്രകൃതിയായി കരുതപ്പെടുന്നതിന്റെ അതിരുകൾ മങ്ങിക്കാൻ കഴിയും.,Malayalam
മറ്റൊരു വിഭാഗം സസ്യങ്ങൾ ചരിത്രപരമായി കളകൾക്കായി കൊത്തിയെടുത്തതാണ്.,Malayalam
ഈ പദത്തിന് അനിഷ്ടം സംഭവിച്ചിട്ടുണ്ടെങ്കിലും,Malayalam
ഉപയോഗശൂന്യമായ സസ്യങ്ങളെ വർഗ്ഗീകരിക്കുന്നതിനുള്ള ഒരു ഔപചാരിക മാർഗമായി സസ്യശാസ്ത്രജ്ഞർക്കിടയിൽ,Malayalam
"കണക്കാക്കപ്പെട്ട സസ്യങ്ങളെ വിവരിക്കാൻ ""കളകൾ"" എന്ന വാക്കിന്റെ അനൗപചാരിക ഉപയോഗം",Malayalam
ഉന്മൂലനത്തിന് യോഗ്യമായത് ആളുകളുടെ പൊതുവായ പ്രവണതയെ വ്യക്തമാക്കുന്നു,Malayalam
 പ്രകൃതിയുടെ ഗതി മാറ്റാനോ രൂപപ്പെടുത്താനോ ശ്രമിക്കുന്ന സമൂഹങ്ങൾ.,Malayalam
അതുപോലെ,Malayalam
 വന്യമൃഗങ്ങൾ,Malayalam
മനുഷ്യജീവിതവുമായുള്ള അവരുടെ ബന്ധം അനുസരിച്ച്.,Malayalam
ഒരു വിഭാഗമെന്ന നിലയിൽ മൃഗങ്ങൾക്ക് നിരവധി സവിശേഷതകളുണ്ട്,Malayalam
 അത് പൊതുവെ അവയെ മറ്റ് ജീവജാലങ്ങളിൽ നിന്ന് വേറിട്ടു നിർത്തുന്നു.,Malayalam
മൃഗങ്ങൾ യൂക്കറിയോട്ടിക് ആണ്,Malayalam
 (എങ്കിലും കാണുക Myxozoa),Malayalam
ബാക്ടീരിയ,Malayalam
അവ ഹെറ്ററോട്രോഫിക് ആണ്,Malayalam
 ഒരു ആന്തരിക അറയിൽ,Malayalam
സസ്യങ്ങൾ,Malayalam
കോശഭിത്തികൾ ഇല്ലാത്ത ഫംഗസുകളും.,Malayalam
ചില അപവാദങ്ങളോടെ - ഏറ്റവും ശ്രദ്ധേയമായി രണ്ട് ഫൈലകൾ അടങ്ങുന്നു,Malayalam
 സ്പോഞ്ചുകളും പ്ലാക്കോസോവാൻ മൃഗങ്ങളും ടിഷ്യൂകളായി വേർതിരിക്കപ്പെടുന്ന ശരീരങ്ങളുണ്ട്.,Malayalam
ഇവയിൽ പേശികൾ ഉൾപ്പെടുന്നു,Malayalam
 സിഗ്നലുകൾ അയയ്ക്കുകയും പ്രോസസ്സ് ചെയ്യുകയും ചെയ്യുന്ന ഒരു നാഡീവ്യവസ്ഥയും.,Malayalam
സാധാരണയായി ഒരു ആന്തരിക ദഹന അറയും ഉണ്ട്.,Malayalam
എല്ലാ മൃഗങ്ങളുടെയും കൈവശമുള്ള യൂക്കറിയോട്ടിക് കോശങ്ങൾക്ക് ചുറ്റും a,Malayalam
 കൊളാജൻ,Malayalam
ഷെല്ലുകൾ,Malayalam
കോശങ്ങൾക്ക് സഞ്ചരിക്കാനും പുനഃസംഘടിപ്പിക്കാനും കഴിയുന്ന ഒരു ചട്ടക്കൂട്,Malayalam
 വികസനവും പക്വതയും,Malayalam
ഭൂമിയിലെ മൊത്തം ജീവജാലങ്ങളുടെ ചെറിയ അനുപാതം മാത്രമാണ് മനുഷ്യർ ഉൾക്കൊള്ളുന്നതെങ്കിലും,Malayalam
 പ്രകൃതിയിൽ മനുഷ്യന്റെ സ്വാധീനം അനുപാതമില്ലാതെ വലുതാണ്.,Malayalam
മനുഷ്യ സ്വാധീനത്തിന്റെ വ്യാപ്തി കാരണം,Malayalam
" മനുഷ്യർ പ്രകൃതിയായും ""നിർമ്മിത പരിസ്ഥിതി""യായും കണക്കാക്കുന്നു",Malayalam
 അത് അങ്ങേയറ്റം അല്ലാതെ വ്യക്തമല്ല.,Malayalam
അങ്ങേയറ്റം പോലും,Malayalam
 അത് വിവേചനാപരമായ മനുഷ്യ സ്വാധീനത്തിൽ നിന്ന് മുക്തമാണ്,Malayalam
 വർദ്ധിച്ചുവരുന്ന ദ്രുതഗതിയിൽ കുറയുന്നു.,Malayalam
മനുഷ്യരാശിയുടെ സാങ്കേതികവിദ്യയുടെ വികസനം അനുവദിച്ചു,Malayalam
 പ്രകൃതി വിഭവങ്ങളുടെ വലിയ ചൂഷണം സഹായിച്ചു,Malayalam
 പ്രകൃതിദത്ത അപകടങ്ങളിൽ നിന്നുള്ള അപകടസാധ്യതകൾ കുറയ്ക്കുന്നതിന്.,Malayalam
ഈ പുരോഗതി ഉണ്ടായിരുന്നിട്ടും,Malayalam
നാഗരികത പരിസ്ഥിതിയിലെ മാറ്റങ്ങളുമായി അടുത്ത ബന്ധപ്പെട്ടിരിക്കുന്നു.,Malayalam
ഉപയോഗിക്കുന്നതിന് ഇടയിൽ വളരെ സങ്കീർണ്ണമായ ഒരു ഫീഡ്ബാക്ക് ലൂപ്പ് നിലവിലുണ്ട്,Malayalam
 നൂതന സാങ്കേതികവിദ്യയും പരിസ്ഥിതിയിലേക്കുള്ള മാറ്റങ്ങളും സാവധാനം മനസ്സിലാക്കാൻ തുടങ്ങി.,Malayalam
[73] ഭൂമിയുടെ പ്രകൃതി പരിസ്ഥിതിക്ക് മനുഷ്യനിർമിത ഭീഷണികളിൽ മലിനീകരണം,Malayalam
 എണ്ണ ചോർച്ച പോലുള്ള ദുരന്തങ്ങളും.,Malayalam
പല സസ്യങ്ങളുടെയും ജന്തുക്കളുടെയും വംശനാശത്തിന് മനുഷ്യർ സംഭാവന നൽകിയിട്ടുണ്ട്.,Malayalam
വിനോദത്തിനും സാമ്പത്തിക പ്രവർത്തനങ്ങൾക്കും മനുഷ്യർ പ്രകൃതിയെ ഉപയോഗിക്കുന്നു.,Malayalam
വ്യാവസായിക ആവശ്യങ്ങൾക്കായി പ്രകൃതി വിഭവങ്ങൾ ഏറ്റെടുക്കുന്നത് അവശേഷിക്കുന്നു,Malayalam
 ലോക സാമ്പത്തിക വ്യവസ്ഥയുടെ ഗണ്യമായ ഘടകം.,Malayalam
[74][75] വേട്ടയാടൽ,Malayalam
ഉപജീവനത്തിനും വിനോദത്തിനും വേണ്ടി,Malayalam
ബിസിഇ 9-ആം സഹസ്രാബ്ദത്തിലാണ് കൃഷി ആദ്യമായി സ്വീകരിച്ചത്.,Malayalam
ഭക്ഷ്യോൽപ്പാദനം മുതൽ ഊർജ്ജം വരെ,Malayalam
ആദ്യകാല മനുഷ്യർ കൃഷി ചെയ്യാത്ത സസ്യ വസ്തുക്കൾ ശേഖരിച്ചുവെങ്കിലും,Malayalam
ഭക്ഷണവും രോഗശാന്തിക്കായി സസ്യങ്ങളുടെ ഔഷധ ഗുണങ്ങളും ഉപയോഗിച്ചു,Malayalam
[76] ആധുനിക മനുഷ്യൻ സസ്യങ്ങൾ ഉപയോഗിക്കുന്നത് കൃഷിയിലൂടെയാണ്.,Malayalam
വിളവളർച്ചയ്ക്കായി വൻതോതിൽ ഭൂമി വെട്ടിമാറ്റുന്നത് എ,Malayalam
 വനങ്ങളുടെയും തണ്ണീർത്തടങ്ങളുടെയും ലഭ്യമായ അളവിൽ ഗണ്യമായ കുറവ്,Malayalam
 പല സസ്യങ്ങളുടെയും ആവാസവ്യവസ്ഥ നഷ്ടപ്പെടുന്നതിലേക്ക് നയിക്കുന്നു,Malayalam
 ജന്തുജാലങ്ങളും അതുപോലെ വർദ്ധിച്ച മണ്ണൊലിപ്പും.,Malayalam
[77] പ്രകൃതിയിലെ സൗന്ദര്യം ചരിത്രപരമായി കലയിലും പുസ്തകങ്ങളിലും പ്രബലമായ വിഷയമാണ്.,Malayalam
ലൈബ്രറികളുടെയും പുസ്തകശാലകളുടെയും വലിയ വിഭാഗങ്ങൾ നിറയ്ക്കുന്നു.,Malayalam
ആ പ്രകൃതിയെ വളരെയധികം കലയാൽ ചിത്രീകരിക്കുകയും ആഘോഷിക്കുകയും ചെയ്തിട്ടുണ്ട്,Malayalam
 ഫോട്ടോഗ്രാഫി,Malayalam
 മറ്റ് സാഹിത്യങ്ങളും പലരുടെയും ശക്തി കാണിക്കുന്നു,Malayalam
 ആളുകൾ പ്രകൃതിയെയും സൗന്ദര്യത്തെയും ബന്ധപ്പെടുത്തുന്നു.,Malayalam
ഈ അസോസിയേഷൻ നിലനിൽക്കുന്നതിന്റെ കാരണങ്ങൾ,Malayalam
 സൗന്ദര്യശാസ്ത്രം എന്ന തത്ത്വചിന്തയുടെ ശാഖയാണ് പഠിക്കുന്നത്.,Malayalam
ചില അടിസ്ഥാന സ്വഭാവങ്ങൾക്കപ്പുറം പലതും,Malayalam
 മനോഹരമായി കാണുന്നതിനെ വിശദീകരിക്കാൻ തത്ത്വചിന്തകർ സമ്മതിക്കുന്നു,Malayalam
 അഭിപ്രായങ്ങൾ ഫലത്തിൽ അനന്തമാണ്.,Malayalam
[78] പ്രകൃതിയും വന്യതയും പ്രധാനമാണ്,Malayalam
 ലോക ചരിത്രത്തിന്റെ വിവിധ കാലഘട്ടങ്ങളിലെ വിഷയങ്ങൾ.,Malayalam
ലാൻഡ്‌സ്‌കേപ്പ് ആർട്ടിന്റെ ആദ്യകാല പാരമ്പര്യം ചൈനയിൽ ആരംഭിച്ചു,Malayalam
 ടാങ് രാജവംശത്തിന്റെ കാലത്ത് (618–907).,Malayalam
പ്രകൃതിയെ പ്രതിനിധീകരിക്കുന്ന പാരമ്പര്യം അതിലൊന്നായി മാറി,Malayalam
 ചൈനീസ് പെയിന്റിംഗിന്റെ ലക്ഷ്യങ്ങൾ ഏഷ്യൻ കലയിൽ കാര്യമായ സ്വാധീനം ചെലുത്തി.,Malayalam
സങ്കീർത്തനങ്ങളിലും ഇയ്യോബിന്റെ പുസ്തകത്തിലും പ്രകൃതിയിലെ അത്ഭുതങ്ങൾ ആഘോഷിക്കപ്പെട്ടിട്ടുണ്ടെങ്കിലും,Malayalam
കലയിലെ മരുഭൂമി ചിത്രീകരണങ്ങൾ 1800-കളിൽ കൂടുതൽ പ്രചാരത്തിലായി.,Malayalam
 പ്രത്യേകിച്ച് റൊമാന്റിക് പ്രസ്ഥാനത്തിന്റെ സൃഷ്ടികളിൽ.,Malayalam
ബ്രിട്ടീഷ് കലാകാരന്മാരായ ജോൺ കോൺസ്റ്റബിളും ജെ.എം.ഡബ്ല്യു. ടർണറും തിരിഞ്ഞു,Malayalam
 അവരുടെ പെയിന്റിംഗുകളിൽ പ്രകൃതിയുടെ സൗന്ദര്യം പകർത്താൻ ശ്രദ്ധ.,Malayalam
അതിനുമുമ്പ്,Malayalam
വില്യം വേർഡ്‌സ്‌വർത്തിന്റെ കവിത പ്രകൃതി ലോകത്തിന്റെ അത്ഭുതത്തെ വിവരിച്ചു,Malayalam
,Malayalam
പ്രകൃതിയെ വിലമതിക്കുന്നത് പാശ്ചാത്യ സംസ്കാരത്തിന്റെ ഒരു വശമായി മാറിയിരിക്കുന്നു.,Malayalam
[79] ഈ കലാപരമായ പ്രസ്ഥാനവും യോജിച്ചു,Malayalam
 പാശ്ചാത്യ ലോകത്തെ അതീന്ദ്രിയ പ്രസ്ഥാനം.,Malayalam
മനോഹരമായ കലയെക്കുറിച്ചുള്ള ഒരു പൊതു ക്ലാസിക്കൽ ആശയം ഉൾപ്പെടുന്നു,Malayalam
 പദം മിമിസിസ്,Malayalam
പ്രകൃതിയിലെ സൗന്ദര്യത്തെക്കുറിച്ചുള്ള ആശയങ്ങളുടെ മണ്ഡലത്തിലും,Malayalam
തികഞ്ഞ ഗണിത രൂപങ്ങളിലൂടെയാണ് പൂർണ്ണത സൂചിപ്പിക്കുന്നത്,Malayalam
കൂടുതൽ പൊതുവെ പ്രകൃതിയിലെ പാറ്റേണുകൾ വഴി.,Malayalam
ഡേവിഡ് റോത്തൻബർഗ് എഴുതിയതുപോലെ,Malayalam
" മനുഷ്യരാശിക്ക് കാണാൻ കഴിയുന്ന ഏറ്റവും ഉയർന്ന സാധ്യത"".",Malayalam
[80]:281 ശാസ്ത്രത്തിന്റെ ചില മേഖലകൾ പ്രകൃതിയെ ചലനത്തിലെ ദ്രവ്യമായി കാണുന്നു,Malayalam
 ശാസ്ത്രം മനസ്സിലാക്കാൻ ശ്രമിക്കുന്ന പ്രകൃതിയുടെ ചില നിയമങ്ങൾ അനുസരിക്കുന്നു.,Malayalam
ഇക്കാരണത്താൽ,Malayalam
" ""ഭൗതികശാസ്ത്രം"" എന്ന് മനസ്സിലാക്കുന്നു - അതിന്റെ പേര്",Malayalam
പ്രകൃതിയെക്കുറിച്ചുള്ള പഠനം എന്നാണ് അർത്ഥമാക്കുന്നത്.,Malayalam
ദ്രവ്യത്തെ പൊതുവെ നിർവചിക്കുന്നത് ഭൗതിക വസ്തുക്കളിൽ അടങ്ങിയിരിക്കുന്ന പദാർത്ഥത്തെയാണ്.,Malayalam
ഇത് നിരീക്ഷിക്കാവുന്ന പ്രപഞ്ചം ഉൾക്കൊള്ളുന്നു.,Malayalam
പ്രപഞ്ചത്തിന്റെ ദൃശ്യ ഘടകങ്ങൾ ഇപ്പോൾ വിശ്വസിക്കപ്പെടുന്നു,Malayalam
 ആകെ പിണ്ഡത്തിന്റെ 4.9 ശതമാനം മാത്രം കമ്പോസ് ചെയ്യാൻ.,Malayalam
ബാക്കിയുള്ളവയിൽ 26.8 ശതമാനം തണുപ്പ് ഉണ്ടെന്ന് വിശ്വസിക്കപ്പെടുന്നു,Malayalam
ഇരുണ്ട ദ്രവ്യവും 68.3 ശതമാനം ഇരുണ്ട ഊർജവും.,Malayalam
[81] ഈ ഘടകങ്ങളുടെ കൃത്യമായ ക്രമീകരണം ഇപ്പോഴും നിലനിൽക്കുന്നു,Malayalam
അജ്ഞാതവും ഭൗതികശാസ്ത്രജ്ഞരുടെ തീവ്രമായ അന്വേഷണത്തിലാണ്.,Malayalam
നിരീക്ഷിക്കാവുന്നതിലുടനീളം ദ്രവ്യത്തിന്റെയും ഊർജ്ജത്തിന്റെയും പെരുമാറ്റം,Malayalam
 പ്രപഞ്ചം നന്നായി നിർവചിക്കപ്പെട്ട ഭൗതിക നിയമങ്ങൾ പിന്തുടരുന്നതായി തോന്നുന്നു.,Malayalam
ഈ നിയമങ്ങൾ പ്രാപഞ്ചിക മാതൃകകൾ നിർമ്മിക്കാൻ ഉപയോഗിക്കുന്നു,Malayalam
 അത് ഘടനയെ വിജയകരമായി വിശദീകരിക്കുന്നു,Malayalam
പ്രപഞ്ചത്തിന്റെ പരിണാമം നമുക്ക് നിരീക്ഷിക്കാം.,Malayalam
ഭൗതികശാസ്ത്ര നിയമങ്ങളുടെ ഗണിത പദപ്രയോഗങ്ങൾ ഇരുപത് ഭൗതിക സ്ഥിരാങ്കങ്ങളുടെ ഒരു കൂട്ടം ഉപയോഗിക്കുന്നു[82],Malayalam
 നിരീക്ഷിക്കാവുന്ന പ്രപഞ്ചത്തിലുടനീളം നിശ്ചലമായി കാണപ്പെടുന്നത്.,Malayalam
[83] ഈ സ്ഥിരാങ്കങ്ങളുടെ മൂല്യങ്ങൾ ശ്രദ്ധാപൂർവ്വം അളന്നിരിക്കുന്നു,Malayalam
 എന്നാൽ അവയുടെ പ്രത്യേക മൂല്യങ്ങളുടെ കാരണം ഒരു നിഗൂഢതയായി തുടരുന്നു.,Malayalam
ബഹിരാകാശം എന്ന് വിളിക്കപ്പെടുന്ന ബഹിരാകാശം താരതമ്യേന സൂചിപ്പിക്കുന്നു,Malayalam
ആകാശഗോളങ്ങളുടെ അന്തരീക്ഷത്തിന് പുറത്തുള്ള പ്രപഞ്ചത്തിന്റെ ശൂന്യമായ പ്രദേശങ്ങൾ.,Malayalam
ബഹിരാകാശത്തെ വ്യോമമേഖലയിൽ നിന്ന് (ഭൂപ്രദേശങ്ങളിൽ നിന്നും) വേർതിരിച്ചറിയാൻ ഉപയോഗിക്കുന്നു.,Malayalam
ഭൂമിയുടെ അന്തരീക്ഷവും ബഹിരാകാശവും തമ്മിൽ പ്രത്യേകമായ അതിരുകളില്ല.,Malayalam
ഉയരം കൂടുന്നതിനനുസരിച്ച് അന്തരീക്ഷം ക്രമേണ ക്ഷയിക്കുന്നതിനാൽ.,Malayalam
സൗരയൂഥത്തിനുള്ളിലെ ബഹിരാകാശത്തെ ഇന്റർപ്ലാനറ്ററി സ്പേസ് എന്ന് വിളിക്കുന്നു.,Malayalam
 ഹീലിയോപോസ് എന്നറിയപ്പെടുന്ന ഇന്റർസ്റ്റെല്ലാർ സ്പേസിലേക്ക് അത് കടന്നുപോകുന്നു.,Malayalam
ബഹിരാകാശം നിരവധി ഡസൻ തരങ്ങളാൽ വിരളമായി നിറഞ്ഞിരിക്കുന്നു,Malayalam
 മൈക്രോവേവ് സ്പെക്ട്രോസ്കോപ്പി വഴി ഇന്നുവരെ കണ്ടെത്തിയ ജൈവ തന്മാത്രകൾ,Malayalam
 മഹാവിസ്ഫോടനത്തിൽ നിന്ന് അവശേഷിച്ച ബ്ലാക്ക്ബോഡി വികിരണം,Malayalam
 പ്രപഞ്ചത്തിന്റെ ഉത്ഭവം,Malayalam
 അതിൽ അയോണൈസ്ഡ് ആറ്റോമിക് ന്യൂക്ലിയസുകളും വിവിധ ഉപ ആറ്റോമിക് കണങ്ങളും ഉൾപ്പെടുന്നു.,Malayalam
കുറച്ച് വാതകവും പ്ലാസ്മയും പൊടിയും ചെറിയ ഉൽക്കകളും ഉണ്ട്.,Malayalam
കൂടാതെ,Malayalam
മുമ്പ് മനുഷ്യരിൽ നിന്ന് അവശേഷിച്ച വസ്തുക്കൾ പോലെയുള്ളവ,Malayalam
ബഹിരാകാശ പേടകത്തിന് അപകടസാധ്യതയുള്ള ആളില്ലാ വിക്ഷേപണങ്ങൾ.,Malayalam
ഈ അവശിഷ്ടങ്ങളിൽ ചിലത് ഇടയ്ക്കിടെ അന്തരീക്ഷത്തിലേക്ക് വീണ്ടും പ്രവേശിക്കുന്നു.,Malayalam
സൗരയൂഥത്തിനുള്ളിൽ ജീവൻ നിലനിർത്താൻ അറിയപ്പെടുന്ന ഒരേയൊരു ശരീരം ഭൂമിയാണെങ്കിലും,Malayalam
 തെളിവുകൾ സൂചിപ്പിക്കുന്നത് വിദൂര ഭൂതകാലത്തിൽ,Malayalam
 ചൊവ്വ ഗ്രഹത്തിന് ഉപരിതലത്തിൽ ദ്രാവക ജലാശയങ്ങളുണ്ടായിരുന്നു.,Malayalam
[84] ചൊവ്വയുടെ ചരിത്രത്തിലെ ഒരു ചെറിയ കാലയളവിലേക്ക്,Malayalam
എന്നാൽ നിലവിൽ ചൊവ്വയിൽ അവശേഷിക്കുന്ന വെള്ളത്തിന്റെ ഭൂരിഭാഗവും തണുത്തുറഞ്ഞ നിലയിലാണ്.,Malayalam
ചൊവ്വയിൽ ജീവൻ നിലനിൽക്കുന്നുണ്ടെങ്കിൽ,Malayalam
 ദ്രാവക ജലം ഇപ്പോഴും നിലനിൽക്കാൻ കഴിയുന്ന ഭൂഗർഭത്തിൽ സ്ഥിതിചെയ്യണം.,Malayalam
[85] മറ്റ് ഭൗമ ഗ്രഹങ്ങളിലെ അവസ്ഥകൾ,Malayalam
 ബുധനും ശുക്രനും,Malayalam
എന്നാൽ വ്യാഴത്തിന്റെ നാലാമത്തെ വലിയ ഉപഗ്രഹമായ യൂറോപ്പ എന്നാണ് അനുമാനിക്കപ്പെടുന്നത്.,Malayalam
 ദ്രവജലത്തിന്റെ ഒരു ഉപ ഉപരിതല സമുദ്രം ഉണ്ടായിരിക്കാം,Malayalam
[86] ജ്യോതിശാസ്ത്രജ്ഞർ സൗരയൂഥത്തിനു പുറത്തുള്ള ഭൂമിയുടെ അനലോഗുകൾ കണ്ടുപിടിക്കാൻ തുടങ്ങിയിരിക്കുന്നു -,Malayalam
 ഒരു നക്ഷത്രത്തെ ചുറ്റിപ്പറ്റിയുള്ള ബഹിരാകാശത്തിന്റെ വാസയോഗ്യമായ മേഖലയിൽ കിടക്കുന്ന ഗ്രഹങ്ങൾ,Malayalam
2001 ജനുവരി 15-ന് ജിമ്മി വെയിൽസും ലാറി സാംഗറും ചേർന്നാണ് വിക്കിപീഡിയ ആരംഭിച്ചത്.,Malayalam
വിക്കി,Malayalam
തുടക്കത്തിൽ ഇത് ഒരു ഇംഗ്ലീഷ് ഭാഷാ വിജ്ഞാനകോശമായിരുന്നു,Malayalam
6.2 ദശലക്ഷം ലേഖനങ്ങളുള്ള ഇംഗ്ലീഷ് വിക്കിപീഡിയ 317 വിക്കിപീഡിയ വിജ്ഞാനകോശങ്ങളിൽ ഏറ്റവും വലുതാണ്.,Malayalam
മൊത്തത്തിൽ,Malayalam
 എഡിറ്റർമാരിൽ ഭൂരിഭാഗവും പുരുഷന്മാരാണ്.,Malayalam
[4] സ്ത്രീ എഡിറ്റർമാരെ പ്രോത്സാഹിപ്പിക്കുന്നതിനായി എഡിറ്റ്-എ-തോൺസ് നടത്തിയിട്ടുണ്ട്,Malayalam
സ്ത്രീകളുടെ വിഷയങ്ങളുടെ കവറേജ് വർദ്ധിപ്പിക്കുക.,Malayalam
[10] 2006-ൽ,Malayalam
[11] അതിന്റെ തനതായ ഘടന,Malayalam
[4] 2018-ൽ,Malayalam
[18][19] ആ ലക്ഷ്യത്തിലെത്താൻ ഒരു വിക്കി ഉപയോഗിച്ചുള്ള തന്ത്രത്തിന്റെ ബഹുമതി സാംഗറിനുണ്ട്.,Malayalam
[20] 2001 ജനുവരി 10-ന്,Malayalam
[21] wikipedia.com,Malayalam
 യഥാക്രമം 2001,Malayalam
"[18] വിക്കിപീഡിയയുടെ ""ന്യൂട്രൽ പോയിന്റ് ഓഫ് വ്യൂ""[25] എന്ന നയം അതിന്റെ ആദ്യ ഏതാനും മാസങ്ങളിൽ ക്രോഡീകരിച്ചു.",Malayalam
അല്ലെങ്കിൽ,Malayalam
[18] യഥാർത്ഥത്തിൽ,Malayalam
[26] ന്യൂപീഡിയ,Malayalam
ഭാഷാ പതിപ്പുകളും സൃഷ്ടിക്കപ്പെട്ടു,Malayalam
 അതിന്റെ വാചകം വിക്കിപീഡിയയിൽ ഉൾപ്പെടുത്തുകയും ചെയ്തു.,Malayalam
ഇംഗ്ലീഷ് വിക്കിപീഡിയ 2007 സെപ്തംബർ 9-ന് രണ്ട് ദശലക്ഷം ലേഖനങ്ങളുടെ മാർക്ക് പിന്നിട്ടു,Malayalam
[28] വിക്കിപീഡിയയിലെ വാണിജ്യപരമായ പരസ്യങ്ങളും നിയന്ത്രണമില്ലായ്മയും ചൂണ്ടിക്കാട്ടി,Malayalam
[30][31] 2009 ഓഗസ്റ്റിൽ ഇംഗ്ലീഷ് വിക്കിപീഡിയ മൂന്ന് ദശലക്ഷം ലേഖനങ്ങളിൽ എത്തിയെങ്കിലും,Malayalam
 പുതിയ ലേഖനങ്ങളുടെയും സംഭാവകരുടെയും എണ്ണത്തിന്റെ അടിസ്ഥാനത്തിൽ,Malayalam
[32] 2006-ൽ എൻസൈക്ലോപീഡിയയിൽ പ്രതിദിനം 1,Malayalam
[33] പാലോ ആൾട്ടോ റിസർച്ച് സെന്ററിലെ ഒരു സംഘം,Malayalam
[35][36][37] 2009 നവംബറിൽ,Malayalam
[40] 2009-ൽ വെയ്ൽസ് ഈ അവകാശവാദങ്ങളെ തർക്കിച്ചു,Malayalam
[41] രണ്ട് വർഷത്തിന് ശേഷം,Malayalam
അതേ അഭിമുഖത്തിൽ,Malayalam
2007 മുതൽ,Malayalam
[43] 2012 ജൂലൈയിൽ,Malayalam
[44] നവംബർ 25,Malayalam
" ഏറ്റവും കൂടുതൽ ഉപയോഗിക്കുന്ന ആറാമത്തെ വെബ്‌സൈറ്റ് ഒരു ആഭ്യന്തര പ്രതിസന്ധിയെ അഭിമുഖീകരിക്കുകയാണ്"".",Malayalam
[45] 2007 ജനുവരിയിൽ,Malayalam
42.9 ദശലക്ഷം അദ്വിതീയ സന്ദർശകരുമായി,Malayalam
2006 ജനുവരിയിൽ ഇത് ഗണ്യമായ വർദ്ധനവ് രേഖപ്പെടുത്തി,Malayalam
[46] 2020 മാർച്ച് വരെ[അപ്‌ഡേറ്റ്],Malayalam
2014-ൽ ഇതിന് പ്രതിമാസം എട്ട് ബില്യൺ പേജ് വ്യൂസ് ലഭിച്ചു.,Malayalam
[47] ഫെബ്രുവരി 9,Malayalam
" ""കോംസ്കോർ എന്ന റേറ്റിംഗ് സ്ഥാപനം അനുസരിച്ച്"".",Malayalam
[8] ലവ്‌ലാൻഡും റീഗിളും വാദിക്കുന്നത്,Malayalam
[48][49] 2012 ജനുവരി 18-ന്,Malayalam
[51][52] 2014 ജനുവരി 20-ന്,Malayalam
" അത് ""കഴിഞ്ഞ വർഷം അതിന്റെ പേജ് കാഴ്‌ചകളുടെ പത്ത് ശതമാനത്തോളം നഷ്ടപ്പെട്ടു.",Malayalam
2012 ഡിസംബറിനും 2013 ഡിസംബറിനുമിടയിൽ ഏകദേശം രണ്ട് ബില്യൺ ഇടിവുണ്ടായി.,Malayalam
ജർമ്മൻ പതിപ്പിന് 17 ശതമാനവും ജാപ്പനീസ് പതിപ്പിന് ഒമ്പത് ശതമാനവും ഇടിഞ്ഞു.,Malayalam
"[53] വർമ്മ കൂട്ടിച്ചേർത്തു, വിക്കിപീഡിയയുടെ മാനേജർമാർ ഇത് എണ്ണുന്നതിലെ പിശകുകൾ മൂലമാകാമെന്ന് കരുതുന്നു",Malayalam
"[53] ന്യൂയോർക്ക് യൂണിവേഴ്‌സിറ്റിയിലെ അസോസിയേറ്റ് പ്രൊഫസറും ഹാർവാർഡിന്റെ ബെർക്ക്‌മാൻ ക്ലീൻ സെന്റർ ഫോർ ഇന്റർനെറ്റ് ആൻഡ് സൊസൈറ്റിയിലെ സഹപ്രവർത്തകനുമായ ക്ലേ ഷിർക്കി ഈ വിഷയത്തിൽ ബന്ധപ്പെട്ടപ്പോൾ, പേജ് കാഴ്‌ച കുറയുന്നതിന്റെ ഭൂരിഭാഗവും നോളജ് ഗ്രാഫുകൾ മൂലമാണെന്ന് താൻ സംശയിക്കുന്നതായി സൂചിപ്പിച്ചു. തിരയൽ പേജിൽ നിന്ന് നിങ്ങളുടെ ചോദ്യത്തിന് ഉത്തരം ലഭിക്കും, നിങ്ങൾ ക്ലിക്ക് ചെയ്യേണ്ടതില്ല.
[53] 2016 ഡിസംബർ അവസാനത്തോടെ",Malayalam
[54] 2013 ജനുവരിയിൽ,Malayalam
2014 ഒക്ടോബറിൽ വിക്കിപീഡിയയെ വിക്കിപീഡിയ സ്മാരകം നൽകി ആദരിച്ചു; കൂടാതെ,Malayalam
 വിക്കിപീഡിയയുടെ 7,Malayalam
2019 ഏപ്രിലിൽ,Malayalam
[55][56] 2019 ജൂണിൽ,Malayalam
[57] പരമ്പരാഗത വിജ്ഞാനകോശങ്ങളിൽ നിന്ന് വ്യത്യസ്‌തമായി,Malayalam
[60] ഇത് ഏതാണ്ട് പൂർണ്ണമായും തുറന്ന് തുടങ്ങി - ആർക്കും ലേഖനങ്ങൾ സൃഷ്ടിക്കാൻ കഴിയും,Malayalam
 വിക്കിപീഡിയ അക്കൗണ്ട് ഇല്ലാത്തവർ പോലും.,Malayalam
എല്ലാ ലേഖനങ്ങളിലെയും പരിഷ്കാരങ്ങൾ ഉടൻ പ്രസിദ്ധീകരിക്കും.,Malayalam
തൽഫലമായി,Malayalam
വിക്കിപീഡിയയുടെ വർദ്ധിച്ചുവരുന്ന ജനപ്രീതി കാരണം,Malayalam
ചില കേസുകളിൽ എഡിറ്റിംഗ് നിയന്ത്രണങ്ങൾ ഏർപ്പെടുത്തിയിട്ടുണ്ട്.,Malayalam
ഉദാഹരണത്തിന്,Malayalam
[61] ഇംഗ്ലീഷ് വിക്കിപീഡിയയിൽ,Malayalam
[64] പ്രത്യേകിച്ച് വിവാദപരമായ ഒരു ലേഖനം ലോക്ക് ചെയ്തേക്കാം,Malayalam
[66] ചില സന്ദർഭങ്ങളിൽ,Malayalam
ഉദാഹരണത്തിന്,Malayalam
നീണ്ടുനിൽക്കുന്ന പരീക്ഷണങ്ങൾക്കും കമ്മ്യൂണിറ്റി ചർച്ചകൾക്കും ശേഷം,Malayalam
" ഇംഗ്ലീഷ് വിക്കിപീഡിയ 2012 ഡിസംബറിൽ ""തീർച്ചപ്പെടുത്താത്ത മാറ്റങ്ങൾ"" സംവിധാനം അവതരിപ്പിച്ചു.",Malayalam
[68] ഈ സംവിധാനത്തിന് കീഴിൽ,Malayalam
[69] മാറ്റങ്ങൾ വ്യവസ്ഥാപിതമായി അവലോകനം ചെയ്യപ്പെടുന്നില്ലെങ്കിലും,Malayalam
"ഓരോ ലേഖനത്തിന്റെയും ""ചരിത്രം"" പേജ് ഓരോ റിവിഷനിലേക്കും ലിങ്ക് ചെയ്യുന്നു.",Malayalam
[note 4][70] ഒട്ടുമിക്ക ലേഖനങ്ങളിലും,Malayalam
ലേഖനങ്ങളിലെ ഏറ്റവും പുതിയ മാറ്റങ്ങൾ ആർക്കും കാണാനാകും,Malayalam
